source,target,weight,type
n7,n2300,1,MAJ
n15,n122,1,MAJ
n15,n163,1,MAJ
n15,n215,1,MAJ
n15,n459,1,MAJ
n15,n512,1,MAJ
n15,n542,1,MAJ
n15,n610,1,MAJ
n15,n702,1,MAJ
n15,n1108,1,MAJ
n15,n1168,1,MAJ
n15,n1339,1,MAJ
n15,n1357,1,MAJ
n15,n2065,1,MAJ
n15,n2167,1,MAJ
n15,n2425,1,MAJ
n15,n2495,1,MAJ
n15,n2610,1,MAJ
n15,n2863,1,MAJ
n15,n2951,1,MAJ
n15,n3039,1,MAJ
n15,n3421,1,MAJ
n15,n3477,1,MAJ
n15,n3488,1,MAJ
n15,n3571,1,MAJ
n15,n3575,1,MAJ
n15,n4588,1,MAJ
n27,n45,1,MAJ
n27,n124,2,BOTH
n27,n181,1,UNIT
n27,n230,1,MAJ
n27,n285,2,BOTH
n27,n287,1,UNIT
n27,n384,1,MAJ
n27,n428,1,UNIT
n27,n509,1,MAJ
n27,n605,1,UNIT
n27,n624,1,UNIT
n27,n642,1,MAJ
n27,n708,1,UNIT
n27,n836,1,UNIT
n27,n890,1,MAJ
n27,n892,1,UNIT
n27,n1002,1,MAJ
n27,n1138,1,MAJ
n27,n1269,1,MAJ
n27,n1443,2,BOTH
n27,n1707,1,MAJ
n27,n1759,1,MAJ
n27,n2085,1,MAJ
n27,n2165,1,UNIT
n27,n2231,1,UNIT
n27,n2250,1,UNIT
n27,n2274,1,UNIT
n27,n2327,1,MAJ
n27,n2448,1,MAJ
n27,n2503,1,MAJ
n27,n2614,1,MAJ
n27,n2620,1,UNIT
n27,n2623,1,UNIT
n27,n2657,1,MAJ
n27,n2663,1,MAJ
n27,n2667,1,MAJ
n27,n2669,1,UNIT
n27,n2704,1,MAJ
n27,n2715,1,UNIT
n27,n2733,1,MAJ
n27,n2809,1,MAJ
n27,n2816,1,UNIT
n27,n2830,1,MAJ
n27,n2834,1,MAJ
n27,n2846,1,UNIT
n27,n2962,1,UNIT
n27,n2965,1,UNIT
n27,n3036,1,MAJ
n27,n3070,1,MAJ
n27,n3097,1,MAJ
n27,n3102,1,UNIT
n27,n3180,1,UNIT
n27,n3259,1,MAJ
n27,n3393,1,UNIT
n27,n3403,1,MAJ
n27,n3472,1,MAJ
n27,n3493,1,MAJ
n27,n3559,1,UNIT
n27,n3647,1,UNIT
n27,n3695,1,MAJ
n27,n3696,1,MAJ
n27,n3701,1,MAJ
n27,n3731,1,MAJ
n27,n3741,1,MAJ
n27,n3742,1,MAJ
n27,n3807,1,MAJ
n27,n3870,1,MAJ
n27,n3953,1,UNIT
n27,n3961,1,MAJ
n27,n4046,2,BOTH
n27,n4159,1,MAJ
n27,n4339,1,MAJ
n27,n4397,1,MAJ
n27,n4430,1,MAJ
n27,n4431,1,UNIT
n27,n4549,1,MAJ
n31,n96,1,MAJ
n31,n268,1,MAJ
n31,n1462,1,MAJ
n31,n2274,1,MAJ
n31,n2336,1,MAJ
n31,n2589,1,MAJ
n31,n2631,1,MAJ
n31,n2669,1,MAJ
n31,n2689,1,MAJ
n31,n2721,1,MAJ
n31,n2765,1,MAJ
n31,n2927,1,MAJ
n31,n2965,1,MAJ
n31,n4681,1,MAJ
n45,n124,1,MAJ
n45,n230,1,MAJ
n45,n285,1,MAJ
n45,n384,1,MAJ
n45,n509,1,MAJ
n45,n642,1,MAJ
n45,n890,1,MAJ
n45,n1002,1,MAJ
n45,n1138,1,MAJ
n45,n1269,1,MAJ
n45,n1443,1,MAJ
n45,n1707,1,MAJ
n45,n1759,1,MAJ
n45,n2085,1,MAJ
n45,n2327,1,MAJ
n45,n2448,1,MAJ
n45,n2503,1,MAJ
n45,n2614,1,MAJ
n45,n2657,1,MAJ
n45,n2663,1,MAJ
n45,n2667,1,MAJ
n45,n2704,1,MAJ
n45,n2733,1,MAJ
n45,n2809,1,MAJ
n45,n2830,1,MAJ
n45,n2834,1,MAJ
n45,n3036,1,MAJ
n45,n3070,1,MAJ
n45,n3097,1,MAJ
n45,n3259,1,MAJ
n45,n3403,1,MAJ
n45,n3472,1,MAJ
n45,n3493,1,MAJ
n45,n3695,1,MAJ
n45,n3696,1,MAJ
n45,n3701,1,MAJ
n45,n3731,1,MAJ
n45,n3741,1,MAJ
n45,n3742,1,MAJ
n45,n3807,1,MAJ
n45,n3870,1,MAJ
n45,n3961,1,MAJ
n45,n4046,1,MAJ
n45,n4159,1,MAJ
n45,n4339,1,MAJ
n45,n4397,1,MAJ
n45,n4430,1,MAJ
n45,n4549,1,MAJ
n46,n204,1,MAJ
n46,n1201,1,MAJ
n46,n1450,1,MAJ
n46,n2109,1,MAJ
n46,n2370,1,MAJ
n46,n2527,1,MAJ
n46,n2622,1,MAJ
n46,n2899,1,MAJ
n46,n3468,1,MAJ
n46,n3968,1,MAJ
n46,n3971,1,MAJ
n46,n3972,1,MAJ
n46,n4140,1,MAJ
n46,n4450,1,MAJ
n74,n102,1,MAJ
n74,n112,1,MAJ
n74,n142,1,MAJ
n74,n143,1,MAJ
n74,n184,1,MAJ
n74,n186,1,MAJ
n74,n292,1,MAJ
n74,n364,1,MAJ
n74,n460,1,MAJ
n74,n484,1,MAJ
n74,n497,1,MAJ
n74,n502,1,MAJ
n74,n519,1,MAJ
n74,n549,1,MAJ
n74,n605,1,MAJ
n74,n624,1,MAJ
n74,n628,1,MAJ
n74,n708,1,MAJ
n74,n727,1,MAJ
n74,n828,1,MAJ
n74,n850,1,MAJ
n74,n906,1,MAJ
n74,n935,1,MAJ
n74,n967,1,MAJ
n74,n980,1,MAJ
n74,n1211,1,MAJ
n74,n1258,1,MAJ
n74,n1316,1,MAJ
n74,n1415,1,MAJ
n74,n1481,1,MAJ
n74,n1489,1,MAJ
n74,n1498,1,MAJ
n74,n1650,1,MAJ
n74,n2165,1,MAJ
n74,n2214,1,MAJ
n74,n2223,1,MAJ
n74,n2252,1,MAJ
n74,n2278,1,MAJ
n74,n2310,1,MAJ
n74,n2318,1,MAJ
n74,n2326,1,MAJ
n74,n2373,1,MAJ
n74,n2389,1,MAJ
n74,n2392,1,MAJ
n74,n2406,1,MAJ
n74,n2413,1,MAJ
n74,n2457,1,MAJ
n74,n2521,1,MAJ
n74,n2551,1,MAJ
n74,n2568,1,MAJ
n74,n2650,1,MAJ
n74,n2715,1,MAJ
n74,n2717,1,MAJ
n74,n2736,1,MAJ
n74,n2783,1,MAJ
n74,n2797,1,MAJ
n74,n2826,1,MAJ
n74,n2829,1,MAJ
n74,n2846,1,MAJ
n74,n2891,1,MAJ
n74,n2913,1,MAJ
n74,n2971,1,MAJ
n74,n3030,1,MAJ
n74,n3129,1,MAJ
n74,n3133,1,MAJ
n74,n3205,1,MAJ
n74,n3247,1,MAJ
n74,n3249,1,MAJ
n74,n3368,1,MAJ
n74,n3379,1,MAJ
n74,n3438,1,MAJ
n74,n3516,1,MAJ
n74,n3602,1,MAJ
n74,n3716,1,MAJ
n74,n3723,1,MAJ
n74,n3735,1,MAJ
n74,n3844,1,MAJ
n74,n4021,1,MAJ
n74,n4086,1,MAJ
n74,n4146,1,MAJ
n74,n4217,1,MAJ
n74,n4239,1,MAJ
n74,n4318,1,MAJ
n74,n4475,1,MAJ
n74,n4648,1,MAJ
n85,n2590,1,MAJ
n96,n268,1,MAJ
n96,n1462,1,MAJ
n96,n2274,1,MAJ
n96,n2336,1,MAJ
n96,n2589,1,MAJ
n96,n2631,1,MAJ
n96,n2669,1,MAJ
n96,n2689,1,MAJ
n96,n2721,1,MAJ
n96,n2765,1,MAJ
n96,n2927,1,MAJ
n96,n2965,1,MAJ
n96,n4681,1,MAJ
n102,n112,1,MAJ
n102,n142,1,MAJ
n102,n143,1,MAJ
n102,n184,1,MAJ
n102,n186,1,MAJ
n102,n292,1,MAJ
n102,n364,1,MAJ
n102,n460,1,MAJ
n102,n484,1,MAJ
n102,n497,1,MAJ
n102,n502,1,MAJ
n102,n519,1,MAJ
n102,n549,1,MAJ
n102,n605,1,MAJ
n102,n624,1,MAJ
n102,n628,1,MAJ
n102,n708,1,MAJ
n102,n727,1,MAJ
n102,n828,1,MAJ
n102,n850,1,MAJ
n102,n906,1,MAJ
n102,n935,1,MAJ
n102,n967,1,MAJ
n102,n980,1,MAJ
n102,n1211,1,MAJ
n102,n1258,1,MAJ
n102,n1316,1,MAJ
n102,n1415,1,MAJ
n102,n1481,1,MAJ
n102,n1489,1,MAJ
n102,n1498,1,MAJ
n102,n1650,1,MAJ
n102,n2165,1,MAJ
n102,n2214,1,MAJ
n102,n2223,1,MAJ
n102,n2252,1,MAJ
n102,n2278,1,MAJ
n102,n2310,1,MAJ
n102,n2318,1,MAJ
n102,n2326,1,MAJ
n102,n2373,1,MAJ
n102,n2389,1,MAJ
n102,n2392,1,MAJ
n102,n2406,1,MAJ
n102,n2413,1,MAJ
n102,n2457,1,MAJ
n102,n2460,1,MAJ
n102,n2521,1,MAJ
n102,n2551,1,MAJ
n102,n2568,1,MAJ
n102,n2650,1,MAJ
n102,n2715,1,MAJ
n102,n2717,1,MAJ
n102,n2736,1,MAJ
n102,n2783,1,MAJ
n102,n2797,1,MAJ
n102,n2826,1,MAJ
n102,n2829,1,MAJ
n102,n2846,1,MAJ
n102,n2891,1,MAJ
n102,n2913,1,MAJ
n102,n2971,1,MAJ
n102,n3030,1,MAJ
n102,n3129,1,MAJ
n102,n3133,1,MAJ
n102,n3205,1,MAJ
n102,n3247,1,MAJ
n102,n3249,1,MAJ
n102,n3368,1,MAJ
n102,n3379,1,MAJ
n102,n3438,1,MAJ
n102,n3478,1,MAJ
n102,n3516,1,MAJ
n102,n3575,1,MAJ
n102,n3602,1,MAJ
n102,n3716,1,MAJ
n102,n3723,1,MAJ
n102,n3735,1,MAJ
n102,n3844,1,MAJ
n102,n4021,1,MAJ
n102,n4086,1,MAJ
n102,n4146,1,MAJ
n102,n4217,1,MAJ
n102,n4239,1,MAJ
n102,n4318,1,MAJ
n102,n4475,1,MAJ
n102,n4648,1,MAJ
n110,n117,1,MAJ
n110,n723,1,MAJ
n110,n782,1,MAJ
n110,n1040,1,MAJ
n110,n1377,1,MAJ
n110,n2073,1,MAJ
n110,n2193,1,MAJ
n110,n2365,1,MAJ
n110,n2366,1,MAJ
n110,n2751,1,MAJ
n110,n2914,1,MAJ
n110,n3055,1,MAJ
n110,n3221,1,MAJ
n110,n3235,1,MAJ
n110,n3737,1,MAJ
n110,n3878,1,MAJ
n110,n4439,1,MAJ
n112,n142,1,MAJ
n112,n143,1,MAJ
n112,n184,1,MAJ
n112,n186,1,MAJ
n112,n292,1,MAJ
n112,n364,1,MAJ
n112,n395,1,MAJ
n112,n460,1,MAJ
n112,n484,1,MAJ
n112,n497,1,MAJ
n112,n502,1,MAJ
n112,n519,1,MAJ
n112,n549,1,MAJ
n112,n605,1,MAJ
n112,n624,1,MAJ
n112,n628,1,MAJ
n112,n708,1,MAJ
n112,n727,1,MAJ
n112,n828,1,MAJ
n112,n850,1,MAJ
n112,n906,1,MAJ
n112,n935,1,MAJ
n112,n967,1,MAJ
n112,n980,1,MAJ
n112,n1211,1,MAJ
n112,n1258,1,MAJ
n112,n1316,1,MAJ
n112,n1415,1,MAJ
n112,n1481,1,MAJ
n112,n1489,1,MAJ
n112,n1498,1,MAJ
n112,n1650,1,MAJ
n112,n2165,1,MAJ
n112,n2214,1,MAJ
n112,n2223,1,MAJ
n112,n2252,1,MAJ
n112,n2278,1,MAJ
n112,n2310,1,MAJ
n112,n2318,1,MAJ
n112,n2326,1,MAJ
n112,n2373,1,MAJ
n112,n2389,1,MAJ
n112,n2392,1,MAJ
n112,n2406,1,MAJ
n112,n2413,1,MAJ
n112,n2457,1,MAJ
n112,n2521,1,MAJ
n112,n2551,1,MAJ
n112,n2568,1,MAJ
n112,n2650,1,MAJ
n112,n2715,1,MAJ
n112,n2717,1,MAJ
n112,n2736,1,MAJ
n112,n2783,1,MAJ
n112,n2797,1,MAJ
n112,n2826,1,MAJ
n112,n2829,1,MAJ
n112,n2846,1,MAJ
n112,n2891,1,MAJ
n112,n2913,1,MAJ
n112,n2971,1,MAJ
n112,n3030,1,MAJ
n112,n3129,1,MAJ
n112,n3133,1,MAJ
n112,n3182,1,MAJ
n112,n3205,1,MAJ
n112,n3247,1,MAJ
n112,n3249,1,MAJ
n112,n3368,1,MAJ
n112,n3379,1,MAJ
n112,n3438,1,MAJ
n112,n3516,1,MAJ
n112,n3602,1,MAJ
n112,n3716,1,MAJ
n112,n3723,1,MAJ
n112,n3735,1,MAJ
n112,n3844,1,MAJ
n112,n4021,1,MAJ
n112,n4086,1,MAJ
n112,n4146,1,MAJ
n112,n4217,1,MAJ
n112,n4239,1,MAJ
n112,n4318,1,MAJ
n112,n4475,1,MAJ
n112,n4648,1,MAJ
n117,n180,1,MAJ
n117,n228,1,MAJ
n117,n265,1,MAJ
n117,n286,1,MAJ
n117,n403,1,MAJ
n117,n428,1,MAJ
n117,n607,1,MAJ
n117,n665,1,MAJ
n117,n723,1,MAJ
n117,n782,1,MAJ
n117,n826,1,MAJ
n117,n988,1,MAJ
n117,n1040,1,MAJ
n117,n1277,1,MAJ
n117,n1355,1,MAJ
n117,n1377,1,MAJ
n117,n1393,1,MAJ
n117,n1674,1,MAJ
n117,n2063,1,MAJ
n117,n2073,1,MAJ
n117,n2088,1,MAJ
n117,n2193,1,MAJ
n117,n2365,1,MAJ
n117,n2366,1,MAJ
n117,n2751,1,MAJ
n117,n2787,1,MAJ
n117,n2914,1,MAJ
n117,n3055,1,MAJ
n117,n3102,1,MAJ
n117,n3221,1,MAJ
n117,n3235,1,MAJ
n117,n3266,1,MAJ
n117,n3293,1,MAJ
n117,n3303,1,MAJ
n117,n3691,1,MAJ
n117,n3737,1,MAJ
n117,n3878,1,MAJ
n117,n4201,1,MAJ
n117,n4439,1,MAJ
n119,n181,1,MAJ
n119,n470,1,MAJ
n119,n484,1,UNIT
n119,n892,1,MAJ
n119,n948,1,MAJ
n119,n1022,1,UNIT
n119,n1032,1,UNIT
n119,n1258,1,UNIT
n119,n1395,1,MAJ
n119,n1417,1,UNIT
n119,n1432,1,MAJ
n119,n1437,1,MAJ
n119,n1450,1,UNIT
n119,n2000,1,MAJ
n119,n2275,1,MAJ
n119,n2357,1,MAJ
n119,n2386,1,MAJ
n119,n2561,2,BOTH
n119,n2568,1,UNIT
n119,n2792,1,MAJ
n119,n2806,1,MAJ
n119,n2891,1,UNIT
n119,n2927,1,UNIT
n119,n2962,1,MAJ
n119,n3278,1,MAJ
n119,n3379,1,UNIT
n119,n3432,1,MAJ
n119,n3475,1,MAJ
n119,n3499,1,MAJ
n119,n3559,1,MAJ
n119,n3713,1,MAJ
n119,n3893,1,UNIT
n119,n4095,1,UNIT
n119,n4159,1,UNIT
n119,n4318,1,UNIT
n122,n163,1,MAJ
n122,n215,1,MAJ
n122,n459,1,MAJ
n122,n512,1,MAJ
n122,n542,1,MAJ
n122,n610,1,MAJ
n122,n702,1,MAJ
n122,n1108,1,MAJ
n122,n1168,1,MAJ
n122,n1339,1,MAJ
n122,n1357,1,MAJ
n122,n2065,1,MAJ
n122,n2167,1,MAJ
n122,n2425,1,MAJ
n122,n2495,1,MAJ
n122,n2610,1,MAJ
n122,n2863,1,MAJ
n122,n2951,1,MAJ
n122,n3039,1,MAJ
n122,n3421,1,MAJ
n122,n3477,1,MAJ
n122,n3488,1,MAJ
n122,n3571,1,MAJ
n122,n3575,1,MAJ
n122,n4588,1,MAJ
n124,n181,1,UNIT
n124,n230,1,MAJ
n124,n285,2,BOTH
n124,n287,1,UNIT
n124,n384,1,MAJ
n124,n428,1,UNIT
n124,n509,1,MAJ
n124,n605,1,UNIT
n124,n624,1,UNIT
n124,n642,1,MAJ
n124,n708,1,UNIT
n124,n836,1,UNIT
n124,n890,1,MAJ
n124,n892,1,UNIT
n124,n1002,1,MAJ
n124,n1138,1,MAJ
n124,n1269,1,MAJ
n124,n1443,2,BOTH
n124,n1707,1,MAJ
n124,n1759,1,MAJ
n124,n2085,1,MAJ
n124,n2165,1,UNIT
n124,n2231,1,UNIT
n124,n2250,1,UNIT
n124,n2274,1,UNIT
n124,n2327,1,MAJ
n124,n2448,1,MAJ
n124,n2503,1,MAJ
n124,n2614,1,MAJ
n124,n2620,1,UNIT
n124,n2623,1,UNIT
n124,n2657,1,MAJ
n124,n2663,1,MAJ
n124,n2667,1,MAJ
n124,n2669,1,UNIT
n124,n2704,1,MAJ
n124,n2715,1,UNIT
n124,n2733,1,MAJ
n124,n2809,1,MAJ
n124,n2816,1,UNIT
n124,n2830,1,MAJ
n124,n2834,1,MAJ
n124,n2846,1,UNIT
n124,n2962,1,UNIT
n124,n2965,1,UNIT
n124,n3036,1,MAJ
n124,n3070,1,MAJ
n124,n3097,1,MAJ
n124,n3102,1,UNIT
n124,n3180,1,UNIT
n124,n3259,1,MAJ
n124,n3393,1,UNIT
n124,n3403,1,MAJ
n124,n3472,1,MAJ
n124,n3493,1,MAJ
n124,n3559,1,UNIT
n124,n3647,1,UNIT
n124,n3695,1,MAJ
n124,n3696,1,MAJ
n124,n3701,1,MAJ
n124,n3731,1,MAJ
n124,n3741,1,MAJ
n124,n3742,1,MAJ
n124,n3807,1,MAJ
n124,n3870,1,MAJ
n124,n3953,1,UNIT
n124,n3961,1,MAJ
n124,n4046,2,BOTH
n124,n4159,1,MAJ
n124,n4339,1,MAJ
n124,n4397,1,MAJ
n124,n4430,1,MAJ
n124,n4431,1,UNIT
n124,n4549,1,MAJ
n130,n216,1,MAJ
n130,n233,1,MAJ
n130,n275,1,MAJ
n130,n634,1,MAJ
n130,n694,1,MAJ
n130,n783,1,MAJ
n130,n793,1,MAJ
n130,n820,1,MAJ
n130,n921,1,MAJ
n130,n1077,1,MAJ
n130,n1213,1,MAJ
n130,n2529,1,MAJ
n130,n2597,1,MAJ
n130,n2731,1,MAJ
n130,n2754,1,MAJ
n130,n2957,1,MAJ
n130,n3027,1,MAJ
n130,n3327,1,MAJ
n130,n3335,1,MAJ
n130,n3501,1,MAJ
n130,n3725,1,MAJ
n130,n3732,1,MAJ
n130,n3733,1,MAJ
n130,n4419,1,MAJ
n130,n4603,1,MAJ
n142,n143,1,MAJ
n142,n184,1,MAJ
n142,n186,1,MAJ
n142,n292,1,MAJ
n142,n364,1,MAJ
n142,n460,1,MAJ
n142,n484,1,MAJ
n142,n497,1,MAJ
n142,n502,1,MAJ
n142,n519,1,MAJ
n142,n549,1,MAJ
n142,n605,1,MAJ
n142,n624,1,MAJ
n142,n628,1,MAJ
n142,n708,1,MAJ
n142,n727,1,MAJ
n142,n828,1,MAJ
n142,n850,1,MAJ
n142,n906,1,MAJ
n142,n935,1,MAJ
n142,n967,1,MAJ
n142,n980,1,MAJ
n142,n1211,1,MAJ
n142,n1258,1,MAJ
n142,n1316,1,MAJ
n142,n1415,1,MAJ
n142,n1481,1,MAJ
n142,n1489,1,MAJ
n142,n1498,1,MAJ
n142,n1650,1,MAJ
n142,n2165,1,MAJ
n142,n2214,1,MAJ
n142,n2223,1,MAJ
n142,n2252,1,MAJ
n142,n2278,1,MAJ
n142,n2310,1,MAJ
n142,n2318,1,MAJ
n142,n2326,1,MAJ
n142,n2373,1,MAJ
n142,n2389,1,MAJ
n142,n2392,1,MAJ
n142,n2406,1,MAJ
n142,n2413,1,MAJ
n142,n2457,1,MAJ
n142,n2521,1,MAJ
n142,n2551,1,MAJ
n142,n2568,1,MAJ
n142,n2650,1,MAJ
n142,n2715,1,MAJ
n142,n2717,1,MAJ
n142,n2736,1,MAJ
n142,n2783,1,MAJ
n142,n2797,1,MAJ
n142,n2826,1,MAJ
n142,n2829,1,MAJ
n142,n2846,1,MAJ
n142,n2891,1,MAJ
n142,n2913,1,MAJ
n142,n2971,1,MAJ
n142,n3030,1,MAJ
n142,n3129,1,MAJ
n142,n3133,1,MAJ
n142,n3205,1,MAJ
n142,n3247,1,MAJ
n142,n3249,1,MAJ
n142,n3368,1,MAJ
n142,n3379,1,MAJ
n142,n3438,1,MAJ
n142,n3516,1,MAJ
n142,n3602,1,MAJ
n142,n3716,1,MAJ
n142,n3723,1,MAJ
n142,n3735,1,MAJ
n142,n3844,1,MAJ
n142,n4021,1,MAJ
n142,n4086,1,MAJ
n142,n4146,1,MAJ
n142,n4217,1,MAJ
n142,n4239,1,MAJ
n142,n4318,1,MAJ
n142,n4475,1,MAJ
n142,n4648,1,MAJ
n143,n184,1,MAJ
n143,n186,1,MAJ
n143,n222,1,MAJ
n143,n271,1,MAJ
n143,n292,1,MAJ
n143,n364,1,MAJ
n143,n460,1,MAJ
n143,n484,1,MAJ
n143,n497,1,MAJ
n143,n502,1,MAJ
n143,n519,1,MAJ
n143,n549,1,MAJ
n143,n605,1,MAJ
n143,n624,1,MAJ
n143,n628,1,MAJ
n143,n658,1,MAJ
n143,n696,1,MAJ
n143,n708,1,MAJ
n143,n727,1,MAJ
n143,n828,1,MAJ
n143,n850,1,MAJ
n143,n906,1,MAJ
n143,n914,1,MAJ
n143,n935,1,MAJ
n143,n967,1,MAJ
n143,n980,1,MAJ
n143,n1039,1,MAJ
n143,n1211,1,MAJ
n143,n1258,1,MAJ
n143,n1316,1,MAJ
n143,n1415,1,MAJ
n143,n1481,1,MAJ
n143,n1489,1,MAJ
n143,n1498,1,MAJ
n143,n1650,1,MAJ
n143,n2056,1,MAJ
n143,n2165,1,MAJ
n143,n2214,1,MAJ
n143,n2223,1,MAJ
n143,n2252,1,MAJ
n143,n2278,1,MAJ
n143,n2310,1,MAJ
n143,n2318,1,MAJ
n143,n2326,1,MAJ
n143,n2373,1,MAJ
n143,n2389,1,MAJ
n143,n2392,1,MAJ
n143,n2406,1,MAJ
n143,n2413,1,MAJ
n143,n2457,1,MAJ
n143,n2472,1,MAJ
n143,n2521,1,MAJ
n143,n2551,1,MAJ
n143,n2568,1,MAJ
n143,n2580,1,MAJ
n143,n2650,1,MAJ
n143,n2715,1,MAJ
n143,n2717,1,MAJ
n143,n2736,1,MAJ
n143,n2783,1,MAJ
n143,n2797,1,MAJ
n143,n2826,1,MAJ
n143,n2829,1,MAJ
n143,n2846,1,MAJ
n143,n2891,1,MAJ
n143,n2913,1,MAJ
n143,n2971,1,MAJ
n143,n3030,1,MAJ
n143,n3129,1,MAJ
n143,n3133,1,MAJ
n143,n3205,1,MAJ
n143,n3247,1,MAJ
n143,n3249,1,MAJ
n143,n3368,1,MAJ
n143,n3379,1,MAJ
n143,n3438,1,MAJ
n143,n3516,1,MAJ
n143,n3602,1,MAJ
n143,n3716,1,MAJ
n143,n3723,1,MAJ
n143,n3735,1,MAJ
n143,n3844,1,MAJ
n143,n4021,1,MAJ
n143,n4086,1,MAJ
n143,n4146,1,MAJ
n143,n4217,1,MAJ
n143,n4237,1,MAJ
n143,n4239,1,MAJ
n143,n4318,1,MAJ
n143,n4475,1,MAJ
n143,n4648,1,MAJ
n163,n215,1,MAJ
n163,n459,1,MAJ
n163,n512,1,MAJ
n163,n542,1,MAJ
n163,n610,1,MAJ
n163,n702,1,MAJ
n163,n1108,1,MAJ
n163,n1168,1,MAJ
n163,n1339,1,MAJ
n163,n1357,1,MAJ
n163,n2065,1,MAJ
n163,n2167,1,MAJ
n163,n2425,1,MAJ
n163,n2495,1,MAJ
n163,n2610,1,MAJ
n163,n2863,1,MAJ
n163,n2951,1,MAJ
n163,n3039,1,MAJ
n163,n3421,1,MAJ
n163,n3477,1,MAJ
n163,n3488,1,MAJ
n163,n3571,1,MAJ
n163,n3575,1,MAJ
n163,n4588,1,MAJ
n180,n228,1,MAJ
n180,n265,1,MAJ
n180,n286,1,MAJ
n180,n403,1,MAJ
n180,n428,1,MAJ
n180,n607,1,MAJ
n180,n665,1,MAJ
n180,n826,1,MAJ
n180,n988,1,MAJ
n180,n1277,1,MAJ
n180,n1355,1,MAJ
n180,n1393,1,MAJ
n180,n2063,1,MAJ
n180,n2088,1,MAJ
n180,n2787,1,MAJ
n180,n3102,1,MAJ
n180,n3266,1,MAJ
n180,n3293,1,MAJ
n180,n3303,1,MAJ
n180,n4201,1,MAJ
n181,n285,1,UNIT
n181,n287,1,UNIT
n181,n428,1,UNIT
n181,n470,1,MAJ
n181,n605,1,UNIT
n181,n624,1,UNIT
n181,n708,1,UNIT
n181,n836,1,UNIT
n181,n892,2,BOTH
n181,n948,1,MAJ
n181,n1395,1,MAJ
n181,n1432,1,MAJ
n181,n1437,1,MAJ
n181,n1443,1,UNIT
n181,n2000,1,MAJ
n181,n2165,1,UNIT
n181,n2231,1,UNIT
n181,n2250,1,UNIT
n181,n2274,1,UNIT
n181,n2275,1,MAJ
n181,n2357,1,MAJ
n181,n2386,1,MAJ
n181,n2561,1,MAJ
n181,n2620,1,UNIT
n181,n2623,1,UNIT
n181,n2669,1,UNIT
n181,n2715,1,UNIT
n181,n2792,1,MAJ
n181,n2806,1,MAJ
n181,n2816,1,UNIT
n181,n2846,1,UNIT
n181,n2962,2,BOTH
n181,n2965,1,UNIT
n181,n3102,1,UNIT
n181,n3180,1,UNIT
n181,n3278,1,MAJ
n181,n3393,1,UNIT
n181,n3432,1,MAJ
n181,n3475,1,MAJ
n181,n3499,1,MAJ
n181,n3559,2,BOTH
n181,n3647,1,UNIT
n181,n3713,1,MAJ
n181,n3953,1,UNIT
n181,n4046,1,UNIT
n181,n4431,1,UNIT
n184,n186,1,MAJ
n184,n292,1,MAJ
n184,n364,1,MAJ
n184,n460,1,MAJ
n184,n484,1,MAJ
n184,n497,1,MAJ
n184,n502,1,MAJ
n184,n519,1,MAJ
n184,n549,1,MAJ
n184,n605,1,MAJ
n184,n624,1,MAJ
n184,n628,1,MAJ
n184,n708,1,MAJ
n184,n727,1,MAJ
n184,n828,1,MAJ
n184,n850,1,MAJ
n184,n906,1,MAJ
n184,n935,1,MAJ
n184,n967,1,MAJ
n184,n980,1,MAJ
n184,n1211,1,MAJ
n184,n1258,1,MAJ
n184,n1316,1,MAJ
n184,n1415,1,MAJ
n184,n1481,1,MAJ
n184,n1489,1,MAJ
n184,n1498,1,MAJ
n184,n1650,1,MAJ
n184,n2165,1,MAJ
n184,n2214,1,MAJ
n184,n2223,1,MAJ
n184,n2252,1,MAJ
n184,n2278,1,MAJ
n184,n2310,1,MAJ
n184,n2318,1,MAJ
n184,n2326,1,MAJ
n184,n2373,1,MAJ
n184,n2389,1,MAJ
n184,n2392,1,MAJ
n184,n2406,1,MAJ
n184,n2413,1,MAJ
n184,n2457,1,MAJ
n184,n2521,1,MAJ
n184,n2551,1,MAJ
n184,n2568,1,MAJ
n184,n2650,1,MAJ
n184,n2715,1,MAJ
n184,n2717,1,MAJ
n184,n2736,1,MAJ
n184,n2783,1,MAJ
n184,n2797,1,MAJ
n184,n2826,1,MAJ
n184,n2829,1,MAJ
n184,n2846,1,MAJ
n184,n2891,1,MAJ
n184,n2913,1,MAJ
n184,n2971,1,MAJ
n184,n3030,1,MAJ
n184,n3129,1,MAJ
n184,n3133,1,MAJ
n184,n3205,1,MAJ
n184,n3247,1,MAJ
n184,n3249,1,MAJ
n184,n3368,1,MAJ
n184,n3379,1,MAJ
n184,n3438,1,MAJ
n184,n3516,1,MAJ
n184,n3602,1,MAJ
n184,n3716,1,MAJ
n184,n3723,1,MAJ
n184,n3735,1,MAJ
n184,n3844,1,MAJ
n184,n4021,1,MAJ
n184,n4086,1,MAJ
n184,n4146,1,MAJ
n184,n4217,1,MAJ
n184,n4239,1,MAJ
n184,n4318,1,MAJ
n184,n4475,1,MAJ
n184,n4648,1,MAJ
n186,n292,1,MAJ
n186,n364,1,MAJ
n186,n460,1,MAJ
n186,n484,1,MAJ
n186,n497,1,MAJ
n186,n502,1,MAJ
n186,n519,1,MAJ
n186,n549,1,MAJ
n186,n605,1,MAJ
n186,n624,1,MAJ
n186,n628,1,MAJ
n186,n708,1,MAJ
n186,n727,1,MAJ
n186,n828,1,MAJ
n186,n850,1,MAJ
n186,n906,1,MAJ
n186,n935,1,MAJ
n186,n967,1,MAJ
n186,n980,1,MAJ
n186,n1211,1,MAJ
n186,n1258,1,MAJ
n186,n1316,1,MAJ
n186,n1415,1,MAJ
n186,n1481,1,MAJ
n186,n1489,1,MAJ
n186,n1498,1,MAJ
n186,n1650,1,MAJ
n186,n2165,1,MAJ
n186,n2214,1,MAJ
n186,n2223,1,MAJ
n186,n2252,1,MAJ
n186,n2278,1,MAJ
n186,n2310,1,MAJ
n186,n2318,1,MAJ
n186,n2326,1,MAJ
n186,n2373,1,MAJ
n186,n2389,1,MAJ
n186,n2392,1,MAJ
n186,n2406,1,MAJ
n186,n2413,1,MAJ
n186,n2457,1,MAJ
n186,n2521,1,MAJ
n186,n2551,1,MAJ
n186,n2568,1,MAJ
n186,n2650,1,MAJ
n186,n2715,1,MAJ
n186,n2717,1,MAJ
n186,n2736,1,MAJ
n186,n2783,1,MAJ
n186,n2797,1,MAJ
n186,n2826,1,MAJ
n186,n2829,1,MAJ
n186,n2846,1,MAJ
n186,n2891,1,MAJ
n186,n2913,1,MAJ
n186,n2971,1,MAJ
n186,n3030,1,MAJ
n186,n3129,1,MAJ
n186,n3133,1,MAJ
n186,n3205,1,MAJ
n186,n3247,1,MAJ
n186,n3249,1,MAJ
n186,n3368,1,MAJ
n186,n3379,1,MAJ
n186,n3438,1,MAJ
n186,n3516,1,MAJ
n186,n3602,1,MAJ
n186,n3695,1,MAJ
n186,n3716,1,MAJ
n186,n3723,1,MAJ
n186,n3735,1,MAJ
n186,n3844,1,MAJ
n186,n4021,1,MAJ
n186,n4086,1,MAJ
n186,n4146,1,MAJ
n186,n4217,1,MAJ
n186,n4239,1,MAJ
n186,n4318,1,MAJ
n186,n4475,1,MAJ
n186,n4648,1,MAJ
n204,n1201,1,MAJ
n204,n1450,1,MAJ
n204,n2109,1,MAJ
n204,n2370,1,MAJ
n204,n2527,1,MAJ
n204,n2622,1,MAJ
n204,n2899,1,MAJ
n204,n3468,1,MAJ
n204,n3968,1,MAJ
n204,n3971,1,MAJ
n204,n3972,1,MAJ
n204,n4140,1,MAJ
n204,n4450,1,MAJ
n208,n1372,1,MAJ
n208,n2192,1,MAJ
n208,n2460,1,MAJ
n208,n2620,1,MAJ
n208,n2705,1,MAJ
n208,n2816,1,MAJ
n208,n2843,1,MAJ
n208,n2948,1,MAJ
n208,n3349,1,MAJ
n208,n3364,1,MAJ
n208,n3457,1,MAJ
n208,n3930,1,MAJ
n208,n4105,1,MAJ
n208,n4681,1,MAJ
n209,n263,1,MAJ
n209,n3847,1,MAJ
n209,n4207,1,MAJ
n209,n4242,1,MAJ
n215,n265,1,UNIT
n215,n286,1,UNIT
n215,n459,1,MAJ
n215,n512,1,MAJ
n215,n542,1,MAJ
n215,n610,1,MAJ
n215,n702,1,MAJ
n215,n1077,1,UNIT
n215,n1108,1,MAJ
n215,n1168,1,MAJ
n215,n1339,1,MAJ
n215,n1357,1,MAJ
n215,n1377,1,UNIT
n215,n2065,1,MAJ
n215,n2167,1,MAJ
n215,n2300,1,UNIT
n215,n2388,1,UNIT
n215,n2425,2,BOTH
n215,n2495,1,MAJ
n215,n2521,1,UNIT
n215,n2610,1,MAJ
n215,n2751,1,UNIT
n215,n2754,1,UNIT
n215,n2843,1,UNIT
n215,n2863,2,BOTH
n215,n2951,1,MAJ
n215,n3036,1,UNIT
n215,n3039,1,MAJ
n215,n3057,1,UNIT
n215,n3403,1,UNIT
n215,n3421,1,MAJ
n215,n3438,1,UNIT
n215,n3477,1,MAJ
n215,n3488,1,MAJ
n215,n3571,1,MAJ
n215,n3575,1,MAJ
n215,n3723,1,UNIT
n215,n4339,1,UNIT
n215,n4588,1,MAJ
n216,n233,1,MAJ
n216,n275,1,MAJ
n216,n634,1,MAJ
n216,n694,1,MAJ
n216,n783,1,MAJ
n216,n793,1,MAJ
n216,n820,1,MAJ
n216,n921,1,MAJ
n216,n1077,1,MAJ
n216,n1213,1,MAJ
n216,n2529,1,MAJ
n216,n2597,1,MAJ
n216,n2731,1,MAJ
n216,n2754,1,MAJ
n216,n2957,1,MAJ
n216,n3027,1,MAJ
n216,n3327,1,MAJ
n216,n3335,1,MAJ
n216,n3501,1,MAJ
n216,n3725,1,MAJ
n216,n3732,1,MAJ
n216,n3733,1,MAJ
n216,n4419,1,MAJ
n216,n4603,1,MAJ
n222,n271,1,MAJ
n222,n502,1,MAJ
n222,n658,1,MAJ
n222,n696,1,MAJ
n222,n914,1,MAJ
n222,n1039,1,MAJ
n222,n2056,1,MAJ
n222,n2472,1,MAJ
n222,n2580,1,MAJ
n222,n4237,1,MAJ
n228,n265,1,MAJ
n228,n286,1,MAJ
n228,n403,1,MAJ
n228,n428,1,MAJ
n228,n607,1,MAJ
n228,n665,1,MAJ
n228,n826,1,MAJ
n228,n988,1,MAJ
n228,n1277,1,MAJ
n228,n1355,1,MAJ
n228,n1393,1,MAJ
n228,n2063,1,MAJ
n228,n2088,1,MAJ
n228,n2787,1,MAJ
n228,n3102,1,MAJ
n228,n3266,1,MAJ
n228,n3293,1,MAJ
n228,n3303,1,MAJ
n228,n4201,1,MAJ
n230,n285,1,MAJ
n230,n384,1,MAJ
n230,n509,1,MAJ
n230,n642,1,MAJ
n230,n890,1,MAJ
n230,n1002,1,MAJ
n230,n1138,1,MAJ
n230,n1269,1,MAJ
n230,n1443,1,MAJ
n230,n1707,1,MAJ
n230,n1759,1,MAJ
n230,n2085,1,MAJ
n230,n2327,1,MAJ
n230,n2448,1,MAJ
n230,n2503,1,MAJ
n230,n2614,1,MAJ
n230,n2657,1,MAJ
n230,n2663,1,MAJ
n230,n2667,1,MAJ
n230,n2704,1,MAJ
n230,n2733,1,MAJ
n230,n2809,1,MAJ
n230,n2830,1,MAJ
n230,n2834,1,MAJ
n230,n3036,1,MAJ
n230,n3070,1,MAJ
n230,n3097,1,MAJ
n230,n3259,1,MAJ
n230,n3403,1,MAJ
n230,n3472,1,MAJ
n230,n3493,1,MAJ
n230,n3695,1,MAJ
n230,n3696,1,MAJ
n230,n3701,1,MAJ
n230,n3731,1,MAJ
n230,n3741,1,MAJ
n230,n3742,1,MAJ
n230,n3807,1,MAJ
n230,n3870,1,MAJ
n230,n3961,1,MAJ
n230,n4046,1,MAJ
n230,n4159,1,MAJ
n230,n4339,1,MAJ
n230,n4397,1,MAJ
n230,n4430,1,MAJ
n230,n4549,1,MAJ
n233,n275,1,MAJ
n233,n634,1,MAJ
n233,n694,1,MAJ
n233,n783,1,MAJ
n233,n793,1,MAJ
n233,n820,1,MAJ
n233,n921,1,MAJ
n233,n1077,1,MAJ
n233,n1213,1,MAJ
n233,n2529,1,MAJ
n233,n2597,1,MAJ
n233,n2731,1,MAJ
n233,n2754,1,MAJ
n233,n2957,1,MAJ
n233,n3027,1,MAJ
n233,n3327,1,MAJ
n233,n3335,1,MAJ
n233,n3501,1,MAJ
n233,n3725,1,MAJ
n233,n3732,1,MAJ
n233,n3733,1,MAJ
n233,n4217,1,MAJ
n233,n4419,1,MAJ
n233,n4603,1,MAJ
n263,n3847,1,MAJ
n263,n4207,1,MAJ
n263,n4242,1,MAJ
n265,n286,2,BOTH
n265,n403,1,MAJ
n265,n428,1,MAJ
n265,n607,1,MAJ
n265,n665,1,MAJ
n265,n826,1,MAJ
n265,n988,1,MAJ
n265,n1277,1,MAJ
n265,n1355,1,MAJ
n265,n1377,1,UNIT
n265,n1393,1,MAJ
n265,n2063,1,MAJ
n265,n2088,1,MAJ
n265,n2300,1,UNIT
n265,n2388,1,UNIT
n265,n2521,1,UNIT
n265,n2751,1,UNIT
n265,n2787,1,MAJ
n265,n2843,1,UNIT
n265,n2863,1,UNIT
n265,n3036,1,UNIT
n265,n3057,1,UNIT
n265,n3102,1,MAJ
n265,n3266,1,MAJ
n265,n3293,1,MAJ
n265,n3303,1,MAJ
n265,n3403,1,UNIT
n265,n3438,1,UNIT
n265,n3723,1,UNIT
n265,n4201,1,MAJ
n265,n4339,1,UNIT
n268,n1462,1,MAJ
n268,n2274,1,MAJ
n268,n2336,1,MAJ
n268,n2589,1,MAJ
n268,n2631,1,MAJ
n268,n2669,1,MAJ
n268,n2689,1,MAJ
n268,n2721,1,MAJ
n268,n2765,1,MAJ
n268,n2927,1,MAJ
n268,n2965,1,MAJ
n268,n4681,1,MAJ
n271,n502,1,MAJ
n271,n658,1,MAJ
n271,n696,1,MAJ
n271,n914,1,MAJ
n271,n1039,1,MAJ
n271,n2056,1,MAJ
n271,n2472,1,MAJ
n271,n2580,1,MAJ
n271,n4237,1,MAJ
n275,n634,1,MAJ
n275,n694,1,MAJ
n275,n783,1,MAJ
n275,n793,1,MAJ
n275,n820,1,MAJ
n275,n921,1,MAJ
n275,n1077,1,MAJ
n275,n1213,1,MAJ
n275,n2529,1,MAJ
n275,n2597,1,MAJ
n275,n2731,1,MAJ
n275,n2754,1,MAJ
n275,n2957,1,MAJ
n275,n3027,1,MAJ
n275,n3327,1,MAJ
n275,n3335,1,MAJ
n275,n3501,1,MAJ
n275,n3725,1,MAJ
n275,n3732,1,MAJ
n275,n3733,1,MAJ
n275,n4419,1,MAJ
n275,n4603,1,MAJ
n285,n287,1,UNIT
n285,n384,1,MAJ
n285,n428,1,UNIT
n285,n509,1,MAJ
n285,n605,1,UNIT
n285,n624,1,UNIT
n285,n642,1,MAJ
n285,n708,1,UNIT
n285,n836,1,UNIT
n285,n890,1,MAJ
n285,n892,1,UNIT
n285,n1002,1,MAJ
n285,n1138,1,MAJ
n285,n1269,1,MAJ
n285,n1443,2,BOTH
n285,n1707,1,MAJ
n285,n1759,1,MAJ
n285,n2085,1,MAJ
n285,n2165,1,UNIT
n285,n2231,1,UNIT
n285,n2250,1,UNIT
n285,n2274,1,UNIT
n285,n2327,1,MAJ
n285,n2448,1,MAJ
n285,n2503,1,MAJ
n285,n2614,1,MAJ
n285,n2620,1,UNIT
n285,n2623,1,UNIT
n285,n2657,1,MAJ
n285,n2663,1,MAJ
n285,n2667,1,MAJ
n285,n2669,1,UNIT
n285,n2704,1,MAJ
n285,n2715,1,UNIT
n285,n2733,1,MAJ
n285,n2809,1,MAJ
n285,n2816,1,UNIT
n285,n2830,1,MAJ
n285,n2834,1,MAJ
n285,n2846,1,UNIT
n285,n2962,1,UNIT
n285,n2965,1,UNIT
n285,n3036,1,MAJ
n285,n3070,1,MAJ
n285,n3097,1,MAJ
n285,n3102,1,UNIT
n285,n3180,1,UNIT
n285,n3259,1,MAJ
n285,n3393,1,UNIT
n285,n3403,1,MAJ
n285,n3472,1,MAJ
n285,n3493,1,MAJ
n285,n3559,1,UNIT
n285,n3647,1,UNIT
n285,n3695,1,MAJ
n285,n3696,1,MAJ
n285,n3701,1,MAJ
n285,n3731,1,MAJ
n285,n3741,1,MAJ
n285,n3742,1,MAJ
n285,n3807,1,MAJ
n285,n3870,1,MAJ
n285,n3953,1,UNIT
n285,n3961,1,MAJ
n285,n4046,2,BOTH
n285,n4159,1,MAJ
n285,n4339,1,MAJ
n285,n4397,1,MAJ
n285,n4430,1,MAJ
n285,n4431,1,UNIT
n285,n4549,1,MAJ
n286,n403,1,MAJ
n286,n428,1,MAJ
n286,n607,1,MAJ
n286,n665,1,MAJ
n286,n826,1,MAJ
n286,n988,1,MAJ
n286,n1277,1,MAJ
n286,n1355,1,MAJ
n286,n1377,1,UNIT
n286,n1393,1,MAJ
n286,n2063,1,MAJ
n286,n2088,1,MAJ
n286,n2278,1,UNIT
n286,n2300,1,UNIT
n286,n2388,1,UNIT
n286,n2521,1,UNIT
n286,n2751,1,UNIT
n286,n2787,1,MAJ
n286,n2826,1,UNIT
n286,n2843,1,UNIT
n286,n2863,1,UNIT
n286,n3036,1,UNIT
n286,n3057,1,UNIT
n286,n3102,1,MAJ
n286,n3266,1,MAJ
n286,n3293,1,MAJ
n286,n3303,1,MAJ
n286,n3403,1,UNIT
n286,n3438,1,UNIT
n286,n3723,1,UNIT
n286,n4201,1,MAJ
n286,n4339,1,UNIT
n287,n428,1,UNIT
n287,n605,1,UNIT
n287,n624,1,UNIT
n287,n708,1,UNIT
n287,n836,1,UNIT
n287,n892,1,UNIT
n287,n1443,1,UNIT
n287,n2165,1,UNIT
n287,n2231,1,UNIT
n287,n2250,1,UNIT
n287,n2274,1,UNIT
n287,n2620,1,UNIT
n287,n2623,1,UNIT
n287,n2669,1,UNIT
n287,n2715,1,UNIT
n287,n2816,1,UNIT
n287,n2846,1,UNIT
n287,n2962,1,UNIT
n287,n2965,1,UNIT
n287,n3102,1,UNIT
n287,n3180,1,UNIT
n287,n3393,1,UNIT
n287,n3559,1,UNIT
n287,n3647,1,UNIT
n287,n3953,1,UNIT
n287,n4046,1,UNIT
n287,n4390,1,MAJ
n287,n4431,1,UNIT
n292,n364,1,MAJ
n292,n460,1,MAJ
n292,n484,1,MAJ
n292,n497,1,MAJ
n292,n502,1,MAJ
n292,n519,1,MAJ
n292,n549,1,MAJ
n292,n605,1,MAJ
n292,n624,1,MAJ
n292,n628,1,MAJ
n292,n708,1,MAJ
n292,n727,1,MAJ
n292,n828,1,MAJ
n292,n850,1,MAJ
n292,n906,1,MAJ
n292,n935,1,MAJ
n292,n967,1,MAJ
n292,n980,1,MAJ
n292,n1211,1,MAJ
n292,n1258,1,MAJ
n292,n1316,1,MAJ
n292,n1415,1,MAJ
n292,n1481,1,MAJ
n292,n1489,1,MAJ
n292,n1498,1,MAJ
n292,n1650,1,MAJ
n292,n2165,1,MAJ
n292,n2214,1,MAJ
n292,n2223,1,MAJ
n292,n2252,1,MAJ
n292,n2278,1,MAJ
n292,n2310,1,MAJ
n292,n2318,1,MAJ
n292,n2326,1,MAJ
n292,n2373,1,MAJ
n292,n2389,1,MAJ
n292,n2392,1,MAJ
n292,n2406,1,MAJ
n292,n2413,1,MAJ
n292,n2457,1,MAJ
n292,n2521,1,MAJ
n292,n2551,1,MAJ
n292,n2568,1,MAJ
n292,n2650,1,MAJ
n292,n2715,1,MAJ
n292,n2717,1,MAJ
n292,n2736,1,MAJ
n292,n2783,1,MAJ
n292,n2797,1,MAJ
n292,n2826,1,MAJ
n292,n2829,1,MAJ
n292,n2846,1,MAJ
n292,n2891,1,MAJ
n292,n2913,1,MAJ
n292,n2971,1,MAJ
n292,n3030,1,MAJ
n292,n3129,1,MAJ
n292,n3133,1,MAJ
n292,n3205,1,MAJ
n292,n3247,1,MAJ
n292,n3249,1,MAJ
n292,n3368,1,MAJ
n292,n3379,1,MAJ
n292,n3438,1,MAJ
n292,n3516,1,MAJ
n292,n3602,1,MAJ
n292,n3716,1,MAJ
n292,n3723,1,MAJ
n292,n3735,1,MAJ
n292,n3844,1,MAJ
n292,n4021,1,MAJ
n292,n4086,1,MAJ
n292,n4146,1,MAJ
n292,n4217,1,MAJ
n292,n4239,1,MAJ
n292,n4318,1,MAJ
n292,n4475,1,MAJ
n292,n4648,1,MAJ
n309,n339,1,MAJ
n309,n794,1,MAJ
n309,n813,1,MAJ
n309,n972,1,MAJ
n309,n2141,1,MAJ
n309,n2358,1,MAJ
n309,n3627,1,MAJ
n309,n3657,1,MAJ
n309,n4291,1,MAJ
n338,n596,1,MAJ
n338,n808,1,MAJ
n338,n1207,1,MAJ
n338,n2112,1,MAJ
n338,n2462,1,MAJ
n338,n2544,1,MAJ
n338,n2548,1,MAJ
n338,n2590,1,MAJ
n338,n2803,1,MAJ
n338,n3291,1,MAJ
n338,n3447,1,MAJ
n338,n3450,1,MAJ
n338,n3498,1,MAJ
n338,n3669,1,MAJ
n338,n3838,1,MAJ
n339,n794,1,MAJ
n339,n813,1,MAJ
n339,n972,1,MAJ
n339,n2141,1,MAJ
n339,n2358,1,MAJ
n339,n3627,1,MAJ
n339,n3657,1,MAJ
n339,n4291,1,MAJ
n364,n460,1,MAJ
n364,n484,1,MAJ
n364,n497,1,MAJ
n364,n502,1,MAJ
n364,n519,1,MAJ
n364,n549,1,MAJ
n364,n605,1,MAJ
n364,n624,1,MAJ
n364,n628,2,BOTH
n364,n665,1,UNIT
n364,n708,1,MAJ
n364,n727,1,MAJ
n364,n828,1,MAJ
n364,n850,1,MAJ
n364,n906,1,MAJ
n364,n935,1,MAJ
n364,n967,1,MAJ
n364,n980,1,MAJ
n364,n1211,1,MAJ
n364,n1258,1,MAJ
n364,n1316,1,MAJ
n364,n1415,1,MAJ
n364,n1481,1,MAJ
n364,n1489,1,MAJ
n364,n1498,1,MAJ
n364,n1650,1,MAJ
n364,n2165,1,MAJ
n364,n2214,1,MAJ
n364,n2223,1,MAJ
n364,n2252,1,MAJ
n364,n2278,1,MAJ
n364,n2310,1,MAJ
n364,n2318,1,MAJ
n364,n2326,1,MAJ
n364,n2373,1,MAJ
n364,n2389,1,MAJ
n364,n2392,1,MAJ
n364,n2406,1,MAJ
n364,n2413,1,MAJ
n364,n2457,1,MAJ
n364,n2521,1,MAJ
n364,n2551,1,MAJ
n364,n2568,1,MAJ
n364,n2650,1,MAJ
n364,n2715,1,MAJ
n364,n2717,1,MAJ
n364,n2736,1,MAJ
n364,n2783,1,MAJ
n364,n2797,1,MAJ
n364,n2826,1,MAJ
n364,n2829,1,MAJ
n364,n2846,1,MAJ
n364,n2891,1,MAJ
n364,n2913,1,MAJ
n364,n2971,1,MAJ
n364,n3030,1,MAJ
n364,n3129,1,MAJ
n364,n3133,1,MAJ
n364,n3205,1,MAJ
n364,n3247,1,MAJ
n364,n3249,1,MAJ
n364,n3368,1,MAJ
n364,n3379,1,MAJ
n364,n3438,1,MAJ
n364,n3516,1,MAJ
n364,n3602,1,MAJ
n364,n3716,1,MAJ
n364,n3723,1,MAJ
n364,n3735,1,MAJ
n364,n3844,1,MAJ
n364,n4021,1,MAJ
n364,n4086,1,MAJ
n364,n4146,1,MAJ
n364,n4217,1,MAJ
n364,n4239,1,MAJ
n364,n4318,1,MAJ
n364,n4475,1,MAJ
n364,n4648,1,MAJ
n373,n676,1,MAJ
n373,n2255,1,MAJ
n373,n2464,1,MAJ
n373,n3161,1,MAJ
n373,n3650,1,MAJ
n373,n3825,1,MAJ
n373,n4425,1,MAJ
n384,n509,1,MAJ
n384,n642,1,MAJ
n384,n890,1,MAJ
n384,n1002,1,MAJ
n384,n1138,1,MAJ
n384,n1269,1,MAJ
n384,n1443,1,MAJ
n384,n1707,1,MAJ
n384,n1759,1,MAJ
n384,n2085,1,MAJ
n384,n2327,1,MAJ
n384,n2448,1,MAJ
n384,n2503,1,MAJ
n384,n2614,1,MAJ
n384,n2657,1,MAJ
n384,n2663,1,MAJ
n384,n2667,1,MAJ
n384,n2704,1,MAJ
n384,n2733,1,MAJ
n384,n2809,1,MAJ
n384,n2830,1,MAJ
n384,n2834,1,MAJ
n384,n3036,1,MAJ
n384,n3070,1,MAJ
n384,n3097,1,MAJ
n384,n3259,1,MAJ
n384,n3403,1,MAJ
n384,n3472,1,MAJ
n384,n3493,1,MAJ
n384,n3695,1,MAJ
n384,n3696,1,MAJ
n384,n3701,1,MAJ
n384,n3731,1,MAJ
n384,n3741,1,MAJ
n384,n3742,1,MAJ
n384,n3807,1,MAJ
n384,n3870,1,MAJ
n384,n3961,1,MAJ
n384,n4046,1,MAJ
n384,n4159,1,MAJ
n384,n4339,1,MAJ
n384,n4397,1,MAJ
n384,n4430,1,MAJ
n384,n4549,1,MAJ
n395,n3182,1,MAJ
n403,n428,1,MAJ
n403,n607,1,MAJ
n403,n665,1,MAJ
n403,n826,1,MAJ
n403,n988,1,MAJ
n403,n1277,1,MAJ
n403,n1355,1,MAJ
n403,n1393,1,MAJ
n403,n2063,1,MAJ
n403,n2088,1,MAJ
n403,n2787,1,MAJ
n403,n3102,1,MAJ
n403,n3266,1,MAJ
n403,n3293,1,MAJ
n403,n3303,1,MAJ
n403,n4201,1,MAJ
n410,n3390,1,MAJ
n414,n421,1,MAJ
n414,n820,1,MAJ
n414,n836,1,MAJ
n414,n1004,1,MAJ
n414,n1022,1,MAJ
n414,n1343,1,MAJ
n414,n1532,1,MAJ
n414,n2231,1,MAJ
n414,n2312,1,MAJ
n414,n2420,1,MAJ
n414,n2452,1,MAJ
n414,n2748,1,MAJ
n414,n3296,1,MAJ
n414,n3383,1,MAJ
n414,n3467,1,MAJ
n414,n3496,1,MAJ
n414,n3711,1,MAJ
n414,n3893,1,MAJ
n414,n4174,1,MAJ
n421,n820,1,MAJ
n421,n836,1,MAJ
n421,n1004,1,MAJ
n421,n1022,1,MAJ
n421,n1343,1,MAJ
n421,n1532,1,MAJ
n421,n2231,1,MAJ
n421,n2312,1,MAJ
n421,n2420,1,MAJ
n421,n2452,1,MAJ
n421,n2748,1,MAJ
n421,n3296,1,MAJ
n421,n3383,1,MAJ
n421,n3467,1,MAJ
n421,n3496,1,MAJ
n421,n3711,1,MAJ
n421,n3893,1,MAJ
n421,n4174,1,MAJ
n428,n605,1,UNIT
n428,n607,1,MAJ
n428,n624,1,UNIT
n428,n665,1,MAJ
n428,n708,1,UNIT
n428,n826,1,MAJ
n428,n836,1,UNIT
n428,n892,1,UNIT
n428,n988,1,MAJ
n428,n1277,1,MAJ
n428,n1355,1,MAJ
n428,n1393,1,MAJ
n428,n1443,1,UNIT
n428,n2063,1,MAJ
n428,n2088,1,MAJ
n428,n2165,1,UNIT
n428,n2231,1,UNIT
n428,n2250,1,UNIT
n428,n2274,1,UNIT
n428,n2620,1,UNIT
n428,n2623,1,UNIT
n428,n2669,1,UNIT
n428,n2715,1,UNIT
n428,n2787,1,MAJ
n428,n2816,1,UNIT
n428,n2846,1,UNIT
n428,n2962,1,UNIT
n428,n2965,1,UNIT
n428,n3102,2,BOTH
n428,n3180,1,UNIT
n428,n3266,1,MAJ
n428,n3293,1,MAJ
n428,n3303,1,MAJ
n428,n3393,1,UNIT
n428,n3559,1,UNIT
n428,n3647,1,UNIT
n428,n3953,1,UNIT
n428,n4046,1,UNIT
n428,n4201,1,MAJ
n428,n4431,1,UNIT
n459,n512,1,MAJ
n459,n542,1,MAJ
n459,n610,1,MAJ
n459,n702,1,MAJ
n459,n1108,1,MAJ
n459,n1168,1,MAJ
n459,n1339,1,MAJ
n459,n1357,1,MAJ
n459,n2065,1,MAJ
n459,n2167,1,MAJ
n459,n2425,1,MAJ
n459,n2495,1,MAJ
n459,n2610,1,MAJ
n459,n2863,1,MAJ
n459,n2951,1,MAJ
n459,n3039,1,MAJ
n459,n3421,1,MAJ
n459,n3477,1,MAJ
n459,n3488,1,MAJ
n459,n3571,1,MAJ
n459,n3575,1,MAJ
n459,n4588,1,MAJ
n460,n484,1,MAJ
n460,n497,1,MAJ
n460,n502,1,MAJ
n460,n519,1,MAJ
n460,n549,1,MAJ
n460,n605,1,MAJ
n460,n624,1,MAJ
n460,n628,1,MAJ
n460,n708,1,MAJ
n460,n727,1,MAJ
n460,n828,1,MAJ
n460,n850,1,MAJ
n460,n906,1,MAJ
n460,n935,1,MAJ
n460,n967,1,MAJ
n460,n980,1,MAJ
n460,n1211,1,MAJ
n460,n1258,1,MAJ
n460,n1316,1,MAJ
n460,n1415,1,MAJ
n460,n1481,1,MAJ
n460,n1489,1,MAJ
n460,n1498,1,MAJ
n460,n1650,1,MAJ
n460,n2165,1,MAJ
n460,n2214,1,MAJ
n460,n2223,1,MAJ
n460,n2252,1,MAJ
n460,n2278,1,MAJ
n460,n2310,1,MAJ
n460,n2318,1,MAJ
n460,n2326,1,MAJ
n460,n2373,1,MAJ
n460,n2389,1,MAJ
n460,n2392,1,MAJ
n460,n2406,1,MAJ
n460,n2413,1,MAJ
n460,n2457,1,MAJ
n460,n2521,1,MAJ
n460,n2551,1,MAJ
n460,n2568,1,MAJ
n460,n2650,1,MAJ
n460,n2715,1,MAJ
n460,n2717,1,MAJ
n460,n2736,1,MAJ
n460,n2783,1,MAJ
n460,n2797,1,MAJ
n460,n2826,1,MAJ
n460,n2829,1,MAJ
n460,n2846,1,MAJ
n460,n2891,1,MAJ
n460,n2913,1,MAJ
n460,n2971,1,MAJ
n460,n3030,1,MAJ
n460,n3129,1,MAJ
n460,n3133,1,MAJ
n460,n3205,1,MAJ
n460,n3247,1,MAJ
n460,n3249,1,MAJ
n460,n3368,1,MAJ
n460,n3379,1,MAJ
n460,n3438,1,MAJ
n460,n3516,1,MAJ
n460,n3602,1,MAJ
n460,n3716,1,MAJ
n460,n3723,1,MAJ
n460,n3735,1,MAJ
n460,n3844,1,MAJ
n460,n4021,1,MAJ
n460,n4086,1,MAJ
n460,n4146,1,MAJ
n460,n4217,1,MAJ
n460,n4239,1,MAJ
n460,n4318,1,MAJ
n460,n4475,1,MAJ
n460,n4648,1,MAJ
n470,n892,1,MAJ
n470,n948,1,MAJ
n470,n1395,1,MAJ
n470,n1432,1,MAJ
n470,n1437,1,MAJ
n470,n2000,1,MAJ
n470,n2275,1,MAJ
n470,n2357,1,MAJ
n470,n2386,1,MAJ
n470,n2561,1,MAJ
n470,n2792,1,MAJ
n470,n2806,1,MAJ
n470,n2962,1,MAJ
n470,n3278,1,MAJ
n470,n3432,1,MAJ
n470,n3475,1,MAJ
n470,n3499,1,MAJ
n470,n3559,1,MAJ
n470,n3713,1,MAJ
n484,n497,1,MAJ
n484,n502,1,MAJ
n484,n519,1,MAJ
n484,n549,1,MAJ
n484,n605,1,MAJ
n484,n624,1,MAJ
n484,n628,1,MAJ
n484,n708,1,MAJ
n484,n727,1,MAJ
n484,n828,1,MAJ
n484,n850,1,MAJ
n484,n906,1,MAJ
n484,n935,1,MAJ
n484,n967,1,MAJ
n484,n980,1,MAJ
n484,n1022,1,UNIT
n484,n1032,1,UNIT
n484,n1211,1,MAJ
n484,n1258,2,BOTH
n484,n1316,1,MAJ
n484,n1415,1,MAJ
n484,n1417,1,UNIT
n484,n1450,1,UNIT
n484,n1481,1,MAJ
n484,n1489,1,MAJ
n484,n1498,1,MAJ
n484,n1650,1,MAJ
n484,n2165,1,MAJ
n484,n2214,1,MAJ
n484,n2223,1,MAJ
n484,n2252,1,MAJ
n484,n2278,1,MAJ
n484,n2310,1,MAJ
n484,n2318,1,MAJ
n484,n2326,1,MAJ
n484,n2373,1,MAJ
n484,n2389,1,MAJ
n484,n2392,1,MAJ
n484,n2406,1,MAJ
n484,n2413,1,MAJ
n484,n2457,1,MAJ
n484,n2521,1,MAJ
n484,n2551,1,MAJ
n484,n2561,1,UNIT
n484,n2568,2,BOTH
n484,n2650,1,MAJ
n484,n2715,1,MAJ
n484,n2717,1,MAJ
n484,n2736,1,MAJ
n484,n2783,1,MAJ
n484,n2797,1,MAJ
n484,n2826,1,MAJ
n484,n2829,1,MAJ
n484,n2846,1,MAJ
n484,n2891,2,BOTH
n484,n2913,1,MAJ
n484,n2927,1,UNIT
n484,n2971,1,MAJ
n484,n3030,1,MAJ
n484,n3129,1,MAJ
n484,n3133,1,MAJ
n484,n3205,1,MAJ
n484,n3247,1,MAJ
n484,n3249,1,MAJ
n484,n3368,1,MAJ
n484,n3379,2,BOTH
n484,n3438,1,MAJ
n484,n3516,1,MAJ
n484,n3602,1,MAJ
n484,n3716,1,MAJ
n484,n3723,1,MAJ
n484,n3735,1,MAJ
n484,n3844,1,MAJ
n484,n3893,1,UNIT
n484,n4021,1,MAJ
n484,n4086,1,MAJ
n484,n4095,1,UNIT
n484,n4146,1,MAJ
n484,n4159,1,UNIT
n484,n4217,1,MAJ
n484,n4239,1,MAJ
n484,n4318,2,BOTH
n484,n4475,1,MAJ
n484,n4648,1,MAJ
n497,n502,1,MAJ
n497,n519,1,MAJ
n497,n549,1,MAJ
n497,n605,1,MAJ
n497,n624,1,MAJ
n497,n628,1,MAJ
n497,n708,1,MAJ
n497,n727,1,MAJ
n497,n828,1,MAJ
n497,n850,1,MAJ
n497,n906,1,MAJ
n497,n935,1,MAJ
n497,n967,1,MAJ
n497,n980,1,MAJ
n497,n1211,1,MAJ
n497,n1258,1,MAJ
n497,n1316,1,MAJ
n497,n1415,1,MAJ
n497,n1481,1,MAJ
n497,n1489,1,MAJ
n497,n1498,1,MAJ
n497,n1650,1,MAJ
n497,n2165,1,MAJ
n497,n2214,1,MAJ
n497,n2223,1,MAJ
n497,n2252,1,MAJ
n497,n2278,1,MAJ
n497,n2310,1,MAJ
n497,n2318,1,MAJ
n497,n2326,1,MAJ
n497,n2373,1,MAJ
n497,n2389,1,MAJ
n497,n2392,1,MAJ
n497,n2406,1,MAJ
n497,n2413,1,MAJ
n497,n2457,1,MAJ
n497,n2521,1,MAJ
n497,n2551,1,MAJ
n497,n2568,1,MAJ
n497,n2650,1,MAJ
n497,n2715,1,MAJ
n497,n2717,1,MAJ
n497,n2736,1,MAJ
n497,n2783,1,MAJ
n497,n2797,1,MAJ
n497,n2826,1,MAJ
n497,n2829,1,MAJ
n497,n2846,1,MAJ
n497,n2891,1,MAJ
n497,n2913,1,MAJ
n497,n2971,1,MAJ
n497,n3030,1,MAJ
n497,n3129,1,MAJ
n497,n3133,1,MAJ
n497,n3205,1,MAJ
n497,n3247,1,MAJ
n497,n3249,1,MAJ
n497,n3368,1,MAJ
n497,n3379,1,MAJ
n497,n3438,1,MAJ
n497,n3516,1,MAJ
n497,n3602,1,MAJ
n497,n3716,1,MAJ
n497,n3723,1,MAJ
n497,n3735,1,MAJ
n497,n3844,1,MAJ
n497,n4021,1,MAJ
n497,n4086,1,MAJ
n497,n4146,1,MAJ
n497,n4217,1,MAJ
n497,n4239,1,MAJ
n497,n4318,1,MAJ
n497,n4475,1,MAJ
n497,n4648,1,MAJ
n502,n519,1,MAJ
n502,n549,1,MAJ
n502,n605,1,MAJ
n502,n624,1,MAJ
n502,n628,1,MAJ
n502,n658,1,MAJ
n502,n696,1,MAJ
n502,n708,1,MAJ
n502,n727,1,MAJ
n502,n828,1,MAJ
n502,n850,1,MAJ
n502,n906,1,MAJ
n502,n914,1,MAJ
n502,n935,1,MAJ
n502,n967,1,MAJ
n502,n980,1,MAJ
n502,n1039,1,MAJ
n502,n1211,1,MAJ
n502,n1258,1,MAJ
n502,n1316,1,MAJ
n502,n1415,1,MAJ
n502,n1481,1,MAJ
n502,n1489,1,MAJ
n502,n1498,1,MAJ
n502,n1650,1,MAJ
n502,n2056,1,MAJ
n502,n2165,1,MAJ
n502,n2214,1,MAJ
n502,n2223,1,MAJ
n502,n2252,1,MAJ
n502,n2278,1,MAJ
n502,n2310,1,MAJ
n502,n2318,1,MAJ
n502,n2326,1,MAJ
n502,n2373,1,MAJ
n502,n2389,1,MAJ
n502,n2392,1,MAJ
n502,n2406,1,MAJ
n502,n2413,1,MAJ
n502,n2457,1,MAJ
n502,n2472,1,MAJ
n502,n2521,1,MAJ
n502,n2551,1,MAJ
n502,n2568,1,MAJ
n502,n2580,1,MAJ
n502,n2650,1,MAJ
n502,n2715,1,MAJ
n502,n2717,1,MAJ
n502,n2736,1,MAJ
n502,n2783,1,MAJ
n502,n2797,1,MAJ
n502,n2826,1,MAJ
n502,n2829,1,MAJ
n502,n2846,1,MAJ
n502,n2891,1,MAJ
n502,n2913,1,MAJ
n502,n2971,1,MAJ
n502,n3030,1,MAJ
n502,n3129,1,MAJ
n502,n3133,1,MAJ
n502,n3205,1,MAJ
n502,n3247,1,MAJ
n502,n3249,1,MAJ
n502,n3368,1,MAJ
n502,n3379,1,MAJ
n502,n3438,1,MAJ
n502,n3516,1,MAJ
n502,n3602,1,MAJ
n502,n3716,1,MAJ
n502,n3723,1,MAJ
n502,n3735,1,MAJ
n502,n3844,1,MAJ
n502,n4021,1,MAJ
n502,n4086,1,MAJ
n502,n4146,1,MAJ
n502,n4217,1,MAJ
n502,n4237,1,MAJ
n502,n4239,1,MAJ
n502,n4318,1,MAJ
n502,n4475,1,MAJ
n502,n4648,1,MAJ
n509,n642,1,MAJ
n509,n890,1,MAJ
n509,n1002,1,MAJ
n509,n1138,1,MAJ
n509,n1269,1,MAJ
n509,n1443,1,MAJ
n509,n1707,1,MAJ
n509,n1759,1,MAJ
n509,n2085,1,MAJ
n509,n2327,1,MAJ
n509,n2448,1,MAJ
n509,n2503,1,MAJ
n509,n2614,1,MAJ
n509,n2657,1,MAJ
n509,n2663,1,MAJ
n509,n2667,1,MAJ
n509,n2704,1,MAJ
n509,n2733,1,MAJ
n509,n2809,1,MAJ
n509,n2830,1,MAJ
n509,n2834,1,MAJ
n509,n3036,1,MAJ
n509,n3070,1,MAJ
n509,n3097,1,MAJ
n509,n3259,1,MAJ
n509,n3403,1,MAJ
n509,n3472,1,MAJ
n509,n3493,1,MAJ
n509,n3695,1,MAJ
n509,n3696,1,MAJ
n509,n3701,1,MAJ
n509,n3731,1,MAJ
n509,n3741,1,MAJ
n509,n3742,1,MAJ
n509,n3807,1,MAJ
n509,n3870,1,MAJ
n509,n3961,1,MAJ
n509,n4046,1,MAJ
n509,n4159,1,MAJ
n509,n4339,1,MAJ
n509,n4397,1,MAJ
n509,n4430,1,MAJ
n509,n4549,1,MAJ
n512,n542,1,MAJ
n512,n610,1,MAJ
n512,n642,1,MAJ
n512,n702,1,MAJ
n512,n1108,1,MAJ
n512,n1168,1,MAJ
n512,n1339,1,MAJ
n512,n1357,1,MAJ
n512,n2065,1,MAJ
n512,n2167,1,MAJ
n512,n2425,1,MAJ
n512,n2495,1,MAJ
n512,n2610,1,MAJ
n512,n2863,1,MAJ
n512,n2951,1,MAJ
n512,n3039,1,MAJ
n512,n3421,1,MAJ
n512,n3467,1,MAJ
n512,n3477,1,MAJ
n512,n3488,1,MAJ
n512,n3571,1,MAJ
n512,n3575,1,MAJ
n512,n4588,1,MAJ
n519,n549,1,MAJ
n519,n605,1,MAJ
n519,n624,1,MAJ
n519,n628,1,MAJ
n519,n708,1,MAJ
n519,n727,1,MAJ
n519,n828,1,MAJ
n519,n850,1,MAJ
n519,n906,1,MAJ
n519,n935,1,MAJ
n519,n967,1,MAJ
n519,n980,1,MAJ
n519,n1211,1,MAJ
n519,n1258,1,MAJ
n519,n1316,1,MAJ
n519,n1415,1,MAJ
n519,n1481,1,MAJ
n519,n1489,1,MAJ
n519,n1498,1,MAJ
n519,n1650,1,MAJ
n519,n2165,1,MAJ
n519,n2214,1,MAJ
n519,n2223,1,MAJ
n519,n2252,1,MAJ
n519,n2278,1,MAJ
n519,n2310,1,MAJ
n519,n2318,1,MAJ
n519,n2326,1,MAJ
n519,n2373,1,MAJ
n519,n2389,1,MAJ
n519,n2392,1,MAJ
n519,n2406,1,MAJ
n519,n2413,1,MAJ
n519,n2457,1,MAJ
n519,n2521,1,MAJ
n519,n2551,1,MAJ
n519,n2568,1,MAJ
n519,n2650,1,MAJ
n519,n2715,1,MAJ
n519,n2717,1,MAJ
n519,n2736,1,MAJ
n519,n2783,1,MAJ
n519,n2797,1,MAJ
n519,n2826,1,MAJ
n519,n2829,1,MAJ
n519,n2846,1,MAJ
n519,n2891,1,MAJ
n519,n2913,1,MAJ
n519,n2971,1,MAJ
n519,n3030,1,MAJ
n519,n3129,1,MAJ
n519,n3133,1,MAJ
n519,n3205,1,MAJ
n519,n3247,1,MAJ
n519,n3249,1,MAJ
n519,n3368,1,MAJ
n519,n3379,1,MAJ
n519,n3438,1,MAJ
n519,n3516,1,MAJ
n519,n3602,1,MAJ
n519,n3716,1,MAJ
n519,n3723,1,MAJ
n519,n3735,1,MAJ
n519,n3844,1,MAJ
n519,n4021,1,MAJ
n519,n4086,1,MAJ
n519,n4146,1,MAJ
n519,n4217,1,MAJ
n519,n4239,1,MAJ
n519,n4318,1,MAJ
n519,n4475,1,MAJ
n519,n4648,1,MAJ
n542,n610,1,MAJ
n542,n702,1,MAJ
n542,n1108,1,MAJ
n542,n1168,1,MAJ
n542,n1339,1,MAJ
n542,n1357,1,MAJ
n542,n2065,1,MAJ
n542,n2167,1,MAJ
n542,n2425,1,MAJ
n542,n2495,1,MAJ
n542,n2610,1,MAJ
n542,n2863,1,MAJ
n542,n2951,1,MAJ
n542,n3039,1,MAJ
n542,n3421,1,MAJ
n542,n3477,1,MAJ
n542,n3488,1,MAJ
n542,n3571,1,MAJ
n542,n3575,1,MAJ
n542,n4588,1,MAJ
n549,n605,1,MAJ
n549,n624,1,MAJ
n549,n628,1,MAJ
n549,n708,1,MAJ
n549,n727,1,MAJ
n549,n828,1,MAJ
n549,n850,1,MAJ
n549,n906,1,MAJ
n549,n935,1,MAJ
n549,n967,1,MAJ
n549,n980,1,MAJ
n549,n1211,1,MAJ
n549,n1258,1,MAJ
n549,n1316,1,MAJ
n549,n1415,1,MAJ
n549,n1481,1,MAJ
n549,n1489,1,MAJ
n549,n1498,1,MAJ
n549,n1650,1,MAJ
n549,n2165,1,MAJ
n549,n2214,1,MAJ
n549,n2223,1,MAJ
n549,n2252,1,MAJ
n549,n2278,1,MAJ
n549,n2310,1,MAJ
n549,n2318,1,MAJ
n549,n2326,1,MAJ
n549,n2373,1,MAJ
n549,n2389,1,MAJ
n549,n2392,1,MAJ
n549,n2406,1,MAJ
n549,n2413,1,MAJ
n549,n2457,1,MAJ
n549,n2521,1,MAJ
n549,n2551,1,MAJ
n549,n2568,1,MAJ
n549,n2650,1,MAJ
n549,n2715,1,MAJ
n549,n2717,1,MAJ
n549,n2736,1,MAJ
n549,n2783,1,MAJ
n549,n2797,1,MAJ
n549,n2826,1,MAJ
n549,n2829,1,MAJ
n549,n2846,1,MAJ
n549,n2891,1,MAJ
n549,n2913,1,MAJ
n549,n2971,1,MAJ
n549,n3030,1,MAJ
n549,n3129,1,MAJ
n549,n3133,1,MAJ
n549,n3205,1,MAJ
n549,n3247,1,MAJ
n549,n3249,1,MAJ
n549,n3368,1,MAJ
n549,n3379,1,MAJ
n549,n3438,1,MAJ
n549,n3516,1,MAJ
n549,n3602,1,MAJ
n549,n3716,1,MAJ
n549,n3723,1,MAJ
n549,n3735,1,MAJ
n549,n3844,1,MAJ
n549,n4021,1,MAJ
n549,n4086,1,MAJ
n549,n4146,1,MAJ
n549,n4217,1,MAJ
n549,n4239,1,MAJ
n549,n4318,1,MAJ
n549,n4475,1,MAJ
n549,n4648,1,MAJ
n596,n808,1,MAJ
n596,n1207,1,MAJ
n596,n2112,1,MAJ
n596,n2462,1,MAJ
n596,n2544,1,MAJ
n596,n2548,1,MAJ
n596,n2590,1,MAJ
n596,n2803,1,MAJ
n596,n3291,1,MAJ
n596,n3447,1,MAJ
n596,n3450,1,MAJ
n596,n3498,1,MAJ
n596,n3669,1,MAJ
n596,n3838,1,MAJ
n605,n624,2,BOTH
n605,n628,1,MAJ
n605,n708,2,BOTH
n605,n727,1,MAJ
n605,n828,1,MAJ
n605,n836,1,UNIT
n605,n850,1,MAJ
n605,n892,1,UNIT
n605,n906,1,MAJ
n605,n935,1,MAJ
n605,n967,1,MAJ
n605,n980,1,MAJ
n605,n1211,1,MAJ
n605,n1258,1,MAJ
n605,n1316,1,MAJ
n605,n1415,1,MAJ
n605,n1443,1,UNIT
n605,n1481,1,MAJ
n605,n1489,1,MAJ
n605,n1498,1,MAJ
n605,n1650,1,MAJ
n605,n2165,2,BOTH
n605,n2214,1,MAJ
n605,n2223,1,MAJ
n605,n2231,1,UNIT
n605,n2250,1,UNIT
n605,n2252,1,MAJ
n605,n2274,1,UNIT
n605,n2278,1,MAJ
n605,n2310,1,MAJ
n605,n2318,1,MAJ
n605,n2326,1,MAJ
n605,n2373,1,MAJ
n605,n2389,1,MAJ
n605,n2392,1,MAJ
n605,n2406,1,MAJ
n605,n2413,1,MAJ
n605,n2457,1,MAJ
n605,n2521,1,MAJ
n605,n2551,1,MAJ
n605,n2568,1,MAJ
n605,n2620,1,UNIT
n605,n2623,1,UNIT
n605,n2650,1,MAJ
n605,n2669,1,UNIT
n605,n2715,2,BOTH
n605,n2717,1,MAJ
n605,n2736,1,MAJ
n605,n2783,1,MAJ
n605,n2797,1,MAJ
n605,n2816,1,UNIT
n605,n2826,1,MAJ
n605,n2829,1,MAJ
n605,n2846,2,BOTH
n605,n2891,1,MAJ
n605,n2913,1,MAJ
n605,n2962,1,UNIT
n605,n2965,1,UNIT
n605,n2971,1,MAJ
n605,n3030,1,MAJ
n605,n3102,1,UNIT
n605,n3129,1,MAJ
n605,n3133,1,MAJ
n605,n3180,1,UNIT
n605,n3205,1,MAJ
n605,n3247,1,MAJ
n605,n3249,1,MAJ
n605,n3368,1,MAJ
n605,n3379,1,MAJ
n605,n3393,1,UNIT
n605,n3438,1,MAJ
n605,n3516,1,MAJ
n605,n3559,1,UNIT
n605,n3602,1,MAJ
n605,n3647,1,UNIT
n605,n3716,1,MAJ
n605,n3723,1,MAJ
n605,n3735,1,MAJ
n605,n3844,1,MAJ
n605,n3953,1,UNIT
n605,n4021,1,MAJ
n605,n4046,1,UNIT
n605,n4086,1,MAJ
n605,n4146,1,MAJ
n605,n4217,1,MAJ
n605,n4239,1,MAJ
n605,n4318,1,MAJ
n605,n4431,1,UNIT
n605,n4475,1,MAJ
n605,n4648,1,MAJ
n607,n665,1,MAJ
n607,n826,1,MAJ
n607,n988,1,MAJ
n607,n1277,1,MAJ
n607,n1355,1,MAJ
n607,n1393,1,MAJ
n607,n2063,1,MAJ
n607,n2088,1,MAJ
n607,n2787,1,MAJ
n607,n3102,1,MAJ
n607,n3266,1,MAJ
n607,n3293,1,MAJ
n607,n3303,1,MAJ
n607,n4201,1,MAJ
n610,n702,1,MAJ
n610,n1108,1,MAJ
n610,n1168,1,MAJ
n610,n1339,1,MAJ
n610,n1357,1,MAJ
n610,n2065,1,MAJ
n610,n2167,1,MAJ
n610,n2425,1,MAJ
n610,n2495,1,MAJ
n610,n2610,1,MAJ
n610,n2863,1,MAJ
n610,n2951,1,MAJ
n610,n3039,1,MAJ
n610,n3421,1,MAJ
n610,n3477,1,MAJ
n610,n3488,1,MAJ
n610,n3571,1,MAJ
n610,n3575,1,MAJ
n610,n4588,1,MAJ
n624,n628,1,MAJ
n624,n708,2,BOTH
n624,n727,1,MAJ
n624,n828,1,MAJ
n624,n836,1,UNIT
n624,n850,1,MAJ
n624,n892,1,UNIT
n624,n906,1,MAJ
n624,n935,1,MAJ
n624,n967,1,MAJ
n624,n980,1,MAJ
n624,n1211,1,MAJ
n624,n1258,1,MAJ
n624,n1316,1,MAJ
n624,n1415,1,MAJ
n624,n1443,1,UNIT
n624,n1481,1,MAJ
n624,n1489,1,MAJ
n624,n1498,1,MAJ
n624,n1650,1,MAJ
n624,n2165,2,BOTH
n624,n2214,1,MAJ
n624,n2223,1,MAJ
n624,n2231,1,UNIT
n624,n2250,1,UNIT
n624,n2252,1,MAJ
n624,n2274,1,UNIT
n624,n2278,1,MAJ
n624,n2310,1,MAJ
n624,n2318,1,MAJ
n624,n2326,1,MAJ
n624,n2373,1,MAJ
n624,n2389,1,MAJ
n624,n2392,1,MAJ
n624,n2406,1,MAJ
n624,n2413,1,MAJ
n624,n2457,1,MAJ
n624,n2521,1,MAJ
n624,n2551,1,MAJ
n624,n2568,1,MAJ
n624,n2620,1,UNIT
n624,n2623,1,UNIT
n624,n2650,1,MAJ
n624,n2669,1,UNIT
n624,n2715,2,BOTH
n624,n2717,1,MAJ
n624,n2736,1,MAJ
n624,n2783,1,MAJ
n624,n2797,1,MAJ
n624,n2816,1,UNIT
n624,n2826,1,MAJ
n624,n2829,1,MAJ
n624,n2846,2,BOTH
n624,n2891,1,MAJ
n624,n2913,1,MAJ
n624,n2962,1,UNIT
n624,n2965,1,UNIT
n624,n2971,1,MAJ
n624,n3030,1,MAJ
n624,n3102,1,UNIT
n624,n3129,1,MAJ
n624,n3133,1,MAJ
n624,n3180,1,UNIT
n624,n3205,1,MAJ
n624,n3247,1,MAJ
n624,n3249,1,MAJ
n624,n3368,1,MAJ
n624,n3379,1,MAJ
n624,n3393,1,UNIT
n624,n3438,1,MAJ
n624,n3516,1,MAJ
n624,n3559,1,UNIT
n624,n3602,1,MAJ
n624,n3647,1,UNIT
n624,n3716,1,MAJ
n624,n3723,1,MAJ
n624,n3735,1,MAJ
n624,n3844,1,MAJ
n624,n3953,1,UNIT
n624,n4021,1,MAJ
n624,n4046,1,UNIT
n624,n4086,1,MAJ
n624,n4146,1,MAJ
n624,n4217,1,MAJ
n624,n4239,1,MAJ
n624,n4318,1,MAJ
n624,n4431,1,UNIT
n624,n4475,1,MAJ
n624,n4648,1,MAJ
n628,n665,1,UNIT
n628,n708,1,MAJ
n628,n727,1,MAJ
n628,n828,1,MAJ
n628,n850,1,MAJ
n628,n906,1,MAJ
n628,n935,1,MAJ
n628,n967,1,MAJ
n628,n980,1,MAJ
n628,n1211,1,MAJ
n628,n1258,1,MAJ
n628,n1316,1,MAJ
n628,n1415,1,MAJ
n628,n1481,1,MAJ
n628,n1489,1,MAJ
n628,n1498,1,MAJ
n628,n1650,1,MAJ
n628,n2165,1,MAJ
n628,n2214,1,MAJ
n628,n2223,1,MAJ
n628,n2252,1,MAJ
n628,n2278,1,MAJ
n628,n2310,1,MAJ
n628,n2318,1,MAJ
n628,n2326,1,MAJ
n628,n2373,1,MAJ
n628,n2389,1,MAJ
n628,n2392,1,MAJ
n628,n2406,1,MAJ
n628,n2413,1,MAJ
n628,n2457,1,MAJ
n628,n2521,1,MAJ
n628,n2551,1,MAJ
n628,n2568,1,MAJ
n628,n2650,1,MAJ
n628,n2715,1,MAJ
n628,n2717,1,MAJ
n628,n2736,1,MAJ
n628,n2783,1,MAJ
n628,n2797,1,MAJ
n628,n2826,1,MAJ
n628,n2829,1,MAJ
n628,n2846,1,MAJ
n628,n2891,1,MAJ
n628,n2913,1,MAJ
n628,n2971,1,MAJ
n628,n3030,1,MAJ
n628,n3129,1,MAJ
n628,n3133,1,MAJ
n628,n3205,1,MAJ
n628,n3247,1,MAJ
n628,n3249,1,MAJ
n628,n3368,1,MAJ
n628,n3379,1,MAJ
n628,n3438,1,MAJ
n628,n3516,1,MAJ
n628,n3602,1,MAJ
n628,n3716,1,MAJ
n628,n3723,1,MAJ
n628,n3735,1,MAJ
n628,n3844,1,MAJ
n628,n4021,1,MAJ
n628,n4086,1,MAJ
n628,n4146,1,MAJ
n628,n4217,1,MAJ
n628,n4239,1,MAJ
n628,n4318,1,MAJ
n628,n4475,1,MAJ
n628,n4648,1,MAJ
n634,n694,1,MAJ
n634,n783,1,MAJ
n634,n793,1,MAJ
n634,n820,1,MAJ
n634,n921,1,MAJ
n634,n1077,1,MAJ
n634,n1213,1,MAJ
n634,n2529,1,MAJ
n634,n2597,1,MAJ
n634,n2731,1,MAJ
n634,n2754,1,MAJ
n634,n2957,1,MAJ
n634,n3027,1,MAJ
n634,n3327,1,MAJ
n634,n3335,1,MAJ
n634,n3501,1,MAJ
n634,n3725,1,MAJ
n634,n3732,1,MAJ
n634,n3733,1,MAJ
n634,n4419,1,MAJ
n634,n4603,1,MAJ
n642,n890,1,MAJ
n642,n1002,1,MAJ
n642,n1138,1,MAJ
n642,n1269,1,MAJ
n642,n1443,1,MAJ
n642,n1707,1,MAJ
n642,n1759,1,MAJ
n642,n2085,1,MAJ
n642,n2327,1,MAJ
n642,n2448,1,MAJ
n642,n2503,1,MAJ
n642,n2614,1,MAJ
n642,n2657,1,MAJ
n642,n2663,1,MAJ
n642,n2667,1,MAJ
n642,n2704,1,MAJ
n642,n2733,1,MAJ
n642,n2809,1,MAJ
n642,n2830,1,MAJ
n642,n2834,1,MAJ
n642,n3036,1,MAJ
n642,n3070,1,MAJ
n642,n3097,1,MAJ
n642,n3259,1,MAJ
n642,n3403,1,MAJ
n642,n3467,1,MAJ
n642,n3472,1,MAJ
n642,n3493,1,MAJ
n642,n3695,1,MAJ
n642,n3696,1,MAJ
n642,n3701,1,MAJ
n642,n3731,1,MAJ
n642,n3741,1,MAJ
n642,n3742,1,MAJ
n642,n3807,1,MAJ
n642,n3870,1,MAJ
n642,n3961,1,MAJ
n642,n4046,1,MAJ
n642,n4159,1,MAJ
n642,n4339,1,MAJ
n642,n4397,1,MAJ
n642,n4430,1,MAJ
n642,n4549,1,MAJ
n658,n696,1,MAJ
n658,n914,1,MAJ
n658,n1039,1,MAJ
n658,n2056,1,MAJ
n658,n2472,1,MAJ
n658,n2580,1,MAJ
n658,n4237,1,MAJ
n665,n826,1,MAJ
n665,n988,1,MAJ
n665,n1277,1,MAJ
n665,n1355,1,MAJ
n665,n1393,1,MAJ
n665,n2063,1,MAJ
n665,n2088,1,MAJ
n665,n2787,1,MAJ
n665,n3102,1,MAJ
n665,n3266,1,MAJ
n665,n3293,1,MAJ
n665,n3303,1,MAJ
n665,n4201,1,MAJ
n676,n2255,1,MAJ
n676,n2464,1,MAJ
n676,n3161,1,MAJ
n676,n3650,1,MAJ
n676,n3825,1,MAJ
n676,n4425,1,MAJ
n694,n783,1,MAJ
n694,n793,1,MAJ
n694,n820,1,MAJ
n694,n921,1,MAJ
n694,n1077,1,MAJ
n694,n1213,1,MAJ
n694,n1417,1,MAJ
n694,n2275,1,UNIT
n694,n2529,1,MAJ
n694,n2597,1,MAJ
n694,n2731,1,MAJ
n694,n2733,1,UNIT
n694,n2754,1,MAJ
n694,n2863,1,MAJ
n694,n2957,1,MAJ
n694,n3027,1,MAJ
n694,n3281,1,UNIT
n694,n3327,1,MAJ
n694,n3335,1,MAJ
n694,n3501,1,MAJ
n694,n3713,1,UNIT
n694,n3725,1,MAJ
n694,n3732,1,MAJ
n694,n3733,1,MAJ
n694,n4419,1,MAJ
n694,n4603,1,MAJ
n696,n914,1,MAJ
n696,n1039,1,MAJ
n696,n2056,1,MAJ
n696,n2472,1,MAJ
n696,n2580,1,MAJ
n696,n4237,1,MAJ
n702,n1108,1,MAJ
n702,n1168,1,MAJ
n702,n1339,1,MAJ
n702,n1357,1,MAJ
n702,n2065,1,MAJ
n702,n2167,1,MAJ
n702,n2425,1,MAJ
n702,n2495,1,MAJ
n702,n2610,1,MAJ
n702,n2863,1,MAJ
n702,n2951,1,MAJ
n702,n3039,1,MAJ
n702,n3421,1,MAJ
n702,n3477,1,MAJ
n702,n3488,1,MAJ
n702,n3571,1,MAJ
n702,n3575,1,MAJ
n702,n4588,1,MAJ
n708,n727,1,MAJ
n708,n828,1,MAJ
n708,n836,1,UNIT
n708,n850,1,MAJ
n708,n892,1,UNIT
n708,n906,1,MAJ
n708,n935,1,MAJ
n708,n967,1,MAJ
n708,n980,1,MAJ
n708,n1211,1,MAJ
n708,n1258,1,MAJ
n708,n1316,1,MAJ
n708,n1415,1,MAJ
n708,n1443,1,UNIT
n708,n1481,1,MAJ
n708,n1489,1,MAJ
n708,n1498,1,MAJ
n708,n1650,1,MAJ
n708,n2165,2,BOTH
n708,n2214,1,MAJ
n708,n2223,1,MAJ
n708,n2231,1,UNIT
n708,n2250,1,UNIT
n708,n2252,1,MAJ
n708,n2274,1,UNIT
n708,n2278,1,MAJ
n708,n2310,1,MAJ
n708,n2318,1,MAJ
n708,n2326,1,MAJ
n708,n2373,1,MAJ
n708,n2389,1,MAJ
n708,n2392,1,MAJ
n708,n2406,1,MAJ
n708,n2413,1,MAJ
n708,n2457,1,MAJ
n708,n2521,1,MAJ
n708,n2551,1,MAJ
n708,n2568,1,MAJ
n708,n2620,2,BOTH
n708,n2623,1,UNIT
n708,n2650,1,MAJ
n708,n2669,1,UNIT
n708,n2715,2,BOTH
n708,n2717,1,MAJ
n708,n2736,1,MAJ
n708,n2783,1,MAJ
n708,n2797,1,MAJ
n708,n2816,1,UNIT
n708,n2826,1,MAJ
n708,n2829,1,MAJ
n708,n2846,2,BOTH
n708,n2891,1,MAJ
n708,n2913,1,MAJ
n708,n2962,1,UNIT
n708,n2965,1,UNIT
n708,n2971,1,MAJ
n708,n3030,1,MAJ
n708,n3102,1,UNIT
n708,n3129,1,MAJ
n708,n3133,1,MAJ
n708,n3180,1,UNIT
n708,n3205,1,MAJ
n708,n3247,1,MAJ
n708,n3249,1,MAJ
n708,n3368,1,MAJ
n708,n3379,1,MAJ
n708,n3393,1,UNIT
n708,n3438,1,MAJ
n708,n3516,1,MAJ
n708,n3559,1,UNIT
n708,n3602,1,MAJ
n708,n3647,1,UNIT
n708,n3716,1,MAJ
n708,n3723,1,MAJ
n708,n3735,1,MAJ
n708,n3844,1,MAJ
n708,n3953,1,UNIT
n708,n4021,1,MAJ
n708,n4046,1,UNIT
n708,n4086,1,MAJ
n708,n4146,1,MAJ
n708,n4217,1,MAJ
n708,n4239,1,MAJ
n708,n4318,1,MAJ
n708,n4419,1,MAJ
n708,n4431,1,UNIT
n708,n4475,1,MAJ
n708,n4648,1,MAJ
n723,n782,1,MAJ
n723,n1040,1,MAJ
n723,n1377,1,MAJ
n723,n2073,1,MAJ
n723,n2193,1,MAJ
n723,n2365,1,MAJ
n723,n2366,1,MAJ
n723,n2751,1,MAJ
n723,n2914,1,MAJ
n723,n3055,1,MAJ
n723,n3221,1,MAJ
n723,n3235,1,MAJ
n723,n3737,1,MAJ
n723,n3878,1,MAJ
n723,n4439,1,MAJ
n727,n828,1,MAJ
n727,n850,1,MAJ
n727,n906,1,MAJ
n727,n935,1,MAJ
n727,n967,1,MAJ
n727,n980,1,MAJ
n727,n1211,1,MAJ
n727,n1258,1,MAJ
n727,n1316,1,MAJ
n727,n1415,1,MAJ
n727,n1481,1,MAJ
n727,n1489,1,MAJ
n727,n1498,1,MAJ
n727,n1650,1,MAJ
n727,n2165,1,MAJ
n727,n2214,1,MAJ
n727,n2223,1,MAJ
n727,n2252,1,MAJ
n727,n2278,1,MAJ
n727,n2310,1,MAJ
n727,n2318,1,MAJ
n727,n2326,1,MAJ
n727,n2373,1,MAJ
n727,n2389,1,MAJ
n727,n2392,1,MAJ
n727,n2406,1,MAJ
n727,n2413,1,MAJ
n727,n2457,1,MAJ
n727,n2521,1,MAJ
n727,n2551,1,MAJ
n727,n2568,1,MAJ
n727,n2650,1,MAJ
n727,n2715,1,MAJ
n727,n2717,1,MAJ
n727,n2736,1,MAJ
n727,n2783,1,MAJ
n727,n2797,1,MAJ
n727,n2826,1,MAJ
n727,n2829,1,MAJ
n727,n2846,1,MAJ
n727,n2891,1,MAJ
n727,n2913,1,MAJ
n727,n2971,1,MAJ
n727,n3030,1,MAJ
n727,n3129,1,MAJ
n727,n3133,1,MAJ
n727,n3205,1,MAJ
n727,n3247,1,MAJ
n727,n3249,1,MAJ
n727,n3368,1,MAJ
n727,n3379,1,MAJ
n727,n3438,1,MAJ
n727,n3516,1,MAJ
n727,n3602,1,MAJ
n727,n3716,1,MAJ
n727,n3723,1,MAJ
n727,n3735,1,MAJ
n727,n3844,1,MAJ
n727,n4021,1,MAJ
n727,n4086,1,MAJ
n727,n4146,1,MAJ
n727,n4217,1,MAJ
n727,n4239,1,MAJ
n727,n4318,1,MAJ
n727,n4475,1,MAJ
n727,n4648,1,MAJ
n736,n1062,1,MAJ
n736,n1243,1,MAJ
n736,n1468,1,MAJ
n736,n2440,1,MAJ
n736,n2480,1,MAJ
n736,n2502,1,MAJ
n736,n2547,1,MAJ
n736,n2794,1,MAJ
n736,n2913,1,MAJ
n736,n2971,1,MAJ
n736,n3180,1,MAJ
n736,n3393,1,MAJ
n736,n3421,1,MAJ
n736,n3516,1,MAJ
n736,n3647,1,MAJ
n736,n3904,1,MAJ
n736,n3953,1,MAJ
n736,n4640,1,MAJ
n782,n1040,1,MAJ
n782,n1377,1,MAJ
n782,n2073,1,MAJ
n782,n2193,1,MAJ
n782,n2365,1,MAJ
n782,n2366,1,MAJ
n782,n2751,1,MAJ
n782,n2914,1,MAJ
n782,n3055,1,MAJ
n782,n3221,1,MAJ
n782,n3235,1,MAJ
n782,n3737,1,MAJ
n782,n3878,1,MAJ
n782,n4439,1,MAJ
n783,n793,1,MAJ
n783,n820,1,MAJ
n783,n921,1,MAJ
n783,n1077,1,MAJ
n783,n1213,1,MAJ
n783,n2529,1,MAJ
n783,n2597,1,MAJ
n783,n2620,1,MAJ
n783,n2731,1,MAJ
n783,n2754,1,MAJ
n783,n2957,1,MAJ
n783,n3027,1,MAJ
n783,n3327,1,MAJ
n783,n3335,1,MAJ
n783,n3501,1,MAJ
n783,n3725,1,MAJ
n783,n3732,1,MAJ
n783,n3733,1,MAJ
n783,n4419,1,MAJ
n783,n4603,1,MAJ
n793,n820,1,MAJ
n793,n921,1,MAJ
n793,n1077,1,MAJ
n793,n1213,1,MAJ
n793,n2529,1,MAJ
n793,n2597,1,MAJ
n793,n2731,1,MAJ
n793,n2754,1,MAJ
n793,n2957,1,MAJ
n793,n3027,1,MAJ
n793,n3327,1,MAJ
n793,n3335,1,MAJ
n793,n3501,1,MAJ
n793,n3725,1,MAJ
n793,n3732,1,MAJ
n793,n3733,1,MAJ
n793,n4419,1,MAJ
n793,n4603,1,MAJ
n794,n813,1,MAJ
n794,n972,1,MAJ
n794,n2141,1,MAJ
n794,n2358,1,MAJ
n794,n3627,1,MAJ
n794,n3657,1,MAJ
n794,n4291,1,MAJ
n808,n1207,1,MAJ
n808,n2112,1,MAJ
n808,n2462,1,MAJ
n808,n2544,1,MAJ
n808,n2548,1,MAJ
n808,n2590,1,MAJ
n808,n2803,1,MAJ
n808,n3291,1,MAJ
n808,n3447,1,MAJ
n808,n3450,1,MAJ
n808,n3498,1,MAJ
n808,n3669,1,MAJ
n808,n3838,1,MAJ
n813,n972,1,MAJ
n813,n2141,1,MAJ
n813,n2358,1,MAJ
n813,n3627,1,MAJ
n813,n3657,1,MAJ
n813,n4291,1,MAJ
n820,n836,1,MAJ
n820,n921,1,MAJ
n820,n1004,1,MAJ
n820,n1022,1,MAJ
n820,n1077,1,MAJ
n820,n1213,1,MAJ
n820,n1343,1,MAJ
n820,n1532,1,MAJ
n820,n2231,1,MAJ
n820,n2312,1,MAJ
n820,n2420,1,MAJ
n820,n2452,1,MAJ
n820,n2529,1,MAJ
n820,n2597,1,MAJ
n820,n2731,1,MAJ
n820,n2748,1,MAJ
n820,n2754,1,MAJ
n820,n2957,1,MAJ
n820,n3027,1,MAJ
n820,n3296,1,MAJ
n820,n3327,1,MAJ
n820,n3335,1,MAJ
n820,n3383,1,MAJ
n820,n3467,1,MAJ
n820,n3496,1,MAJ
n820,n3501,1,MAJ
n820,n3711,1,MAJ
n820,n3725,1,MAJ
n820,n3732,1,MAJ
n820,n3733,1,MAJ
n820,n3893,1,MAJ
n820,n4174,1,MAJ
n820,n4419,1,MAJ
n820,n4603,1,MAJ
n826,n988,1,MAJ
n826,n1277,1,MAJ
n826,n1355,1,MAJ
n826,n1393,1,MAJ
n826,n2063,1,MAJ
n826,n2088,1,MAJ
n826,n2787,1,MAJ
n826,n3102,1,MAJ
n826,n3266,1,MAJ
n826,n3293,1,MAJ
n826,n3303,1,MAJ
n826,n4201,1,MAJ
n828,n850,1,MAJ
n828,n906,1,MAJ
n828,n935,1,MAJ
n828,n967,1,MAJ
n828,n980,1,MAJ
n828,n1211,1,MAJ
n828,n1258,1,MAJ
n828,n1316,1,MAJ
n828,n1415,1,MAJ
n828,n1481,1,MAJ
n828,n1489,1,MAJ
n828,n1498,1,MAJ
n828,n1650,1,MAJ
n828,n2165,1,MAJ
n828,n2214,1,MAJ
n828,n2223,1,MAJ
n828,n2252,1,MAJ
n828,n2278,1,MAJ
n828,n2310,1,MAJ
n828,n2318,1,MAJ
n828,n2326,1,MAJ
n828,n2373,1,MAJ
n828,n2389,1,MAJ
n828,n2392,1,MAJ
n828,n2406,1,MAJ
n828,n2413,1,MAJ
n828,n2457,1,MAJ
n828,n2521,1,MAJ
n828,n2551,1,MAJ
n828,n2568,1,MAJ
n828,n2650,1,MAJ
n828,n2715,1,MAJ
n828,n2717,1,MAJ
n828,n2736,1,MAJ
n828,n2783,1,MAJ
n828,n2797,1,MAJ
n828,n2826,1,MAJ
n828,n2829,1,MAJ
n828,n2846,1,MAJ
n828,n2891,1,MAJ
n828,n2913,1,MAJ
n828,n2971,1,MAJ
n828,n3030,1,MAJ
n828,n3129,1,MAJ
n828,n3133,1,MAJ
n828,n3205,1,MAJ
n828,n3247,1,MAJ
n828,n3249,1,MAJ
n828,n3368,1,MAJ
n828,n3379,1,MAJ
n828,n3438,1,MAJ
n828,n3516,1,MAJ
n828,n3602,1,MAJ
n828,n3716,1,MAJ
n828,n3723,1,MAJ
n828,n3735,1,MAJ
n828,n3844,1,MAJ
n828,n4021,1,MAJ
n828,n4086,1,MAJ
n828,n4146,1,MAJ
n828,n4217,1,MAJ
n828,n4239,1,MAJ
n828,n4318,1,MAJ
n828,n4475,1,MAJ
n828,n4648,1,MAJ
n832,n3195,1,MAJ
n832,n3477,1,MAJ
n832,n3691,1,MAJ
n832,n4005,1,MAJ
n836,n892,1,UNIT
n836,n1004,1,MAJ
n836,n1022,1,MAJ
n836,n1343,1,MAJ
n836,n1443,1,UNIT
n836,n1532,1,MAJ
n836,n2165,1,UNIT
n836,n2231,2,BOTH
n836,n2250,1,UNIT
n836,n2274,1,UNIT
n836,n2312,1,MAJ
n836,n2420,1,MAJ
n836,n2452,1,MAJ
n836,n2620,1,UNIT
n836,n2623,1,UNIT
n836,n2669,1,UNIT
n836,n2715,1,UNIT
n836,n2748,1,MAJ
n836,n2816,1,UNIT
n836,n2846,1,UNIT
n836,n2962,1,UNIT
n836,n2965,1,UNIT
n836,n3102,1,UNIT
n836,n3180,1,UNIT
n836,n3296,1,MAJ
n836,n3383,1,MAJ
n836,n3393,1,UNIT
n836,n3467,1,MAJ
n836,n3496,1,MAJ
n836,n3559,1,UNIT
n836,n3647,1,UNIT
n836,n3711,1,MAJ
n836,n3893,1,MAJ
n836,n3953,1,UNIT
n836,n4046,1,UNIT
n836,n4174,1,MAJ
n836,n4431,1,UNIT
n850,n906,1,MAJ
n850,n935,1,MAJ
n850,n967,1,MAJ
n850,n980,1,MAJ
n850,n1211,1,MAJ
n850,n1258,1,MAJ
n850,n1316,1,MAJ
n850,n1415,1,MAJ
n850,n1481,1,MAJ
n850,n1489,1,MAJ
n850,n1498,1,MAJ
n850,n1650,1,MAJ
n850,n2165,1,MAJ
n850,n2214,1,MAJ
n850,n2223,1,MAJ
n850,n2252,1,MAJ
n850,n2278,1,MAJ
n850,n2310,1,MAJ
n850,n2318,1,MAJ
n850,n2326,1,MAJ
n850,n2373,1,MAJ
n850,n2389,1,MAJ
n850,n2392,1,MAJ
n850,n2406,1,MAJ
n850,n2413,1,MAJ
n850,n2457,1,MAJ
n850,n2521,1,MAJ
n850,n2551,1,MAJ
n850,n2568,1,MAJ
n850,n2650,1,MAJ
n850,n2715,1,MAJ
n850,n2717,1,MAJ
n850,n2736,1,MAJ
n850,n2783,1,MAJ
n850,n2797,1,MAJ
n850,n2826,1,MAJ
n850,n2829,1,MAJ
n850,n2846,1,MAJ
n850,n2891,1,MAJ
n850,n2913,1,MAJ
n850,n2971,1,MAJ
n850,n3030,1,MAJ
n850,n3129,1,MAJ
n850,n3133,1,MAJ
n850,n3205,1,MAJ
n850,n3247,1,MAJ
n850,n3249,1,MAJ
n850,n3368,1,MAJ
n850,n3379,1,MAJ
n850,n3438,1,MAJ
n850,n3516,1,MAJ
n850,n3602,1,MAJ
n850,n3716,1,MAJ
n850,n3723,1,MAJ
n850,n3735,1,MAJ
n850,n3844,1,MAJ
n850,n4021,1,MAJ
n850,n4086,1,MAJ
n850,n4146,1,MAJ
n850,n4217,1,MAJ
n850,n4239,1,MAJ
n850,n4318,1,MAJ
n850,n4475,1,MAJ
n850,n4648,1,MAJ
n862,n905,1,MAJ
n862,n1256,1,MAJ
n862,n2250,1,MAJ
n862,n2443,1,MAJ
n862,n2786,1,MAJ
n862,n2843,1,MAJ
n862,n3364,1,MAJ
n862,n3457,1,MAJ
n862,n3996,1,MAJ
n862,n4233,1,MAJ
n862,n4681,1,MAJ
n874,n1032,1,MAJ
n874,n2214,1,MAJ
n874,n2395,1,MAJ
n874,n2541,1,MAJ
n874,n2623,1,MAJ
n874,n3281,1,MAJ
n874,n3325,1,MAJ
n874,n3358,1,MAJ
n890,n1002,1,MAJ
n890,n1138,1,MAJ
n890,n1269,1,MAJ
n890,n1443,1,MAJ
n890,n1707,1,MAJ
n890,n1759,1,MAJ
n890,n2085,1,MAJ
n890,n2327,1,MAJ
n890,n2448,1,MAJ
n890,n2503,1,MAJ
n890,n2614,1,MAJ
n890,n2657,1,MAJ
n890,n2663,1,MAJ
n890,n2667,1,MAJ
n890,n2704,1,MAJ
n890,n2733,1,MAJ
n890,n2809,1,MAJ
n890,n2830,1,MAJ
n890,n2834,1,MAJ
n890,n3036,1,MAJ
n890,n3070,1,MAJ
n890,n3097,1,MAJ
n890,n3259,1,MAJ
n890,n3403,1,MAJ
n890,n3472,1,MAJ
n890,n3493,1,MAJ
n890,n3695,1,MAJ
n890,n3696,1,MAJ
n890,n3701,1,MAJ
n890,n3731,1,MAJ
n890,n3741,1,MAJ
n890,n3742,1,MAJ
n890,n3807,1,MAJ
n890,n3870,1,MAJ
n890,n3961,1,MAJ
n890,n4046,1,MAJ
n890,n4159,1,MAJ
n890,n4339,1,MAJ
n890,n4397,1,MAJ
n890,n4430,1,MAJ
n890,n4549,1,MAJ
n892,n948,1,MAJ
n892,n1395,1,MAJ
n892,n1432,1,MAJ
n892,n1437,1,MAJ
n892,n1443,1,UNIT
n892,n2000,1,MAJ
n892,n2165,1,UNIT
n892,n2231,1,UNIT
n892,n2250,1,UNIT
n892,n2274,1,UNIT
n892,n2275,1,MAJ
n892,n2357,1,MAJ
n892,n2386,1,MAJ
n892,n2561,1,MAJ
n892,n2620,1,UNIT
n892,n2623,1,UNIT
n892,n2669,1,UNIT
n892,n2715,1,UNIT
n892,n2792,1,MAJ
n892,n2806,1,MAJ
n892,n2816,1,UNIT
n892,n2846,1,UNIT
n892,n2962,2,BOTH
n892,n2965,1,UNIT
n892,n3102,1,UNIT
n892,n3180,1,UNIT
n892,n3278,1,MAJ
n892,n3393,1,UNIT
n892,n3432,1,MAJ
n892,n3475,1,MAJ
n892,n3499,1,MAJ
n892,n3559,2,BOTH
n892,n3583,1,MAJ
n892,n3647,1,UNIT
n892,n3713,1,MAJ
n892,n3742,1,MAJ
n892,n3767,1,MAJ
n892,n3870,1,MAJ
n892,n3953,1,UNIT
n892,n4046,1,UNIT
n892,n4431,1,UNIT
n905,n1256,1,MAJ
n905,n2250,1,MAJ
n905,n2443,1,MAJ
n905,n2502,1,UNIT
n905,n2786,1,MAJ
n905,n2843,1,MAJ
n905,n2891,1,UNIT
n905,n3364,1,MAJ
n905,n3457,1,MAJ
n905,n3996,1,MAJ
n905,n4233,1,MAJ
n905,n4681,1,MAJ
n906,n935,1,MAJ
n906,n967,1,MAJ
n906,n980,1,MAJ
n906,n1211,1,MAJ
n906,n1258,1,MAJ
n906,n1316,1,MAJ
n906,n1415,1,MAJ
n906,n1481,1,MAJ
n906,n1489,1,MAJ
n906,n1498,1,MAJ
n906,n1650,1,MAJ
n906,n2165,1,MAJ
n906,n2214,1,MAJ
n906,n2223,1,MAJ
n906,n2252,1,MAJ
n906,n2278,1,MAJ
n906,n2310,1,MAJ
n906,n2318,1,MAJ
n906,n2326,1,MAJ
n906,n2373,1,MAJ
n906,n2389,1,MAJ
n906,n2392,1,MAJ
n906,n2406,1,MAJ
n906,n2413,1,MAJ
n906,n2457,1,MAJ
n906,n2521,1,MAJ
n906,n2551,1,MAJ
n906,n2568,1,MAJ
n906,n2650,1,MAJ
n906,n2715,1,MAJ
n906,n2717,1,MAJ
n906,n2736,1,MAJ
n906,n2783,1,MAJ
n906,n2797,1,MAJ
n906,n2826,1,MAJ
n906,n2829,1,MAJ
n906,n2846,1,MAJ
n906,n2891,1,MAJ
n906,n2913,1,MAJ
n906,n2971,1,MAJ
n906,n3030,1,MAJ
n906,n3129,1,MAJ
n906,n3133,1,MAJ
n906,n3205,1,MAJ
n906,n3247,1,MAJ
n906,n3249,1,MAJ
n906,n3368,1,MAJ
n906,n3379,1,MAJ
n906,n3438,1,MAJ
n906,n3516,1,MAJ
n906,n3602,1,MAJ
n906,n3716,1,MAJ
n906,n3723,1,MAJ
n906,n3735,1,MAJ
n906,n3844,1,MAJ
n906,n4021,1,MAJ
n906,n4086,1,MAJ
n906,n4146,1,MAJ
n906,n4217,1,MAJ
n906,n4239,1,MAJ
n906,n4318,1,MAJ
n906,n4475,1,MAJ
n906,n4648,1,MAJ
n914,n1039,1,MAJ
n914,n2056,1,MAJ
n914,n2472,1,MAJ
n914,n2580,1,MAJ
n914,n4237,1,MAJ
n921,n1077,1,MAJ
n921,n1213,1,MAJ
n921,n2529,1,MAJ
n921,n2597,1,MAJ
n921,n2731,1,MAJ
n921,n2754,1,MAJ
n921,n2957,1,MAJ
n921,n3027,1,MAJ
n921,n3327,1,MAJ
n921,n3335,1,MAJ
n921,n3501,1,MAJ
n921,n3725,1,MAJ
n921,n3732,1,MAJ
n921,n3733,1,MAJ
n921,n4419,1,MAJ
n921,n4603,1,MAJ
n935,n967,1,MAJ
n935,n980,1,MAJ
n935,n1211,1,MAJ
n935,n1258,1,MAJ
n935,n1316,1,MAJ
n935,n1415,1,MAJ
n935,n1481,1,MAJ
n935,n1489,1,MAJ
n935,n1498,1,MAJ
n935,n1650,1,MAJ
n935,n2165,1,MAJ
n935,n2214,1,MAJ
n935,n2223,1,MAJ
n935,n2252,1,MAJ
n935,n2278,1,MAJ
n935,n2310,1,MAJ
n935,n2318,1,MAJ
n935,n2326,1,MAJ
n935,n2373,1,MAJ
n935,n2389,1,MAJ
n935,n2392,1,MAJ
n935,n2406,1,MAJ
n935,n2413,1,MAJ
n935,n2457,1,MAJ
n935,n2521,1,MAJ
n935,n2551,1,MAJ
n935,n2568,1,MAJ
n935,n2650,1,MAJ
n935,n2715,1,MAJ
n935,n2717,1,MAJ
n935,n2736,1,MAJ
n935,n2783,1,MAJ
n935,n2797,1,MAJ
n935,n2826,1,MAJ
n935,n2829,1,MAJ
n935,n2846,1,MAJ
n935,n2891,1,MAJ
n935,n2913,1,MAJ
n935,n2971,1,MAJ
n935,n3030,1,MAJ
n935,n3129,1,MAJ
n935,n3133,1,MAJ
n935,n3205,1,MAJ
n935,n3247,1,MAJ
n935,n3249,1,MAJ
n935,n3368,1,MAJ
n935,n3379,1,MAJ
n935,n3438,1,MAJ
n935,n3516,1,MAJ
n935,n3602,1,MAJ
n935,n3716,1,MAJ
n935,n3723,1,MAJ
n935,n3735,1,MAJ
n935,n3844,1,MAJ
n935,n4021,1,MAJ
n935,n4086,1,MAJ
n935,n4146,1,MAJ
n935,n4217,1,MAJ
n935,n4239,1,MAJ
n935,n4318,1,MAJ
n935,n4475,1,MAJ
n935,n4648,1,MAJ
n948,n1395,1,MAJ
n948,n1432,1,MAJ
n948,n1437,1,MAJ
n948,n2000,1,MAJ
n948,n2275,1,MAJ
n948,n2357,1,MAJ
n948,n2386,1,MAJ
n948,n2561,1,MAJ
n948,n2792,1,MAJ
n948,n2806,1,MAJ
n948,n2962,1,MAJ
n948,n3278,1,MAJ
n948,n3432,1,MAJ
n948,n3475,1,MAJ
n948,n3499,1,MAJ
n948,n3559,1,MAJ
n948,n3713,1,MAJ
n967,n980,1,MAJ
n967,n988,1,UNIT
n967,n1211,1,MAJ
n967,n1258,1,MAJ
n967,n1316,1,MAJ
n967,n1415,1,MAJ
n967,n1481,1,MAJ
n967,n1489,1,MAJ
n967,n1498,1,MAJ
n967,n1650,1,MAJ
n967,n2165,1,MAJ
n967,n2214,1,MAJ
n967,n2223,1,MAJ
n967,n2252,1,MAJ
n967,n2278,1,MAJ
n967,n2310,1,MAJ
n967,n2312,1,UNIT
n967,n2318,1,MAJ
n967,n2326,1,MAJ
n967,n2373,1,MAJ
n967,n2389,1,MAJ
n967,n2392,1,MAJ
n967,n2406,1,MAJ
n967,n2413,1,MAJ
n967,n2457,1,MAJ
n967,n2521,1,MAJ
n967,n2551,1,MAJ
n967,n2568,1,MAJ
n967,n2650,1,MAJ
n967,n2715,1,MAJ
n967,n2717,1,MAJ
n967,n2736,1,MAJ
n967,n2783,1,MAJ
n967,n2797,1,MAJ
n967,n2826,1,MAJ
n967,n2829,1,MAJ
n967,n2843,1,UNIT
n967,n2846,1,MAJ
n967,n2891,1,MAJ
n967,n2913,1,MAJ
n967,n2971,1,MAJ
n967,n3030,1,MAJ
n967,n3129,1,MAJ
n967,n3133,1,MAJ
n967,n3205,1,MAJ
n967,n3247,1,MAJ
n967,n3249,1,MAJ
n967,n3368,1,MAJ
n967,n3379,1,MAJ
n967,n3438,1,MAJ
n967,n3516,1,MAJ
n967,n3602,1,MAJ
n967,n3716,1,MAJ
n967,n3723,1,MAJ
n967,n3735,1,MAJ
n967,n3844,1,MAJ
n967,n4021,1,MAJ
n967,n4086,1,MAJ
n967,n4146,1,MAJ
n967,n4217,1,MAJ
n967,n4239,1,MAJ
n967,n4318,1,MAJ
n967,n4475,1,MAJ
n967,n4648,1,MAJ
n972,n2141,1,MAJ
n972,n2358,1,MAJ
n972,n3627,1,MAJ
n972,n3657,1,MAJ
n972,n4291,1,MAJ
n980,n1211,1,MAJ
n980,n1258,1,MAJ
n980,n1316,1,MAJ
n980,n1415,1,MAJ
n980,n1481,1,MAJ
n980,n1489,1,MAJ
n980,n1498,1,MAJ
n980,n1650,1,MAJ
n980,n2165,1,MAJ
n980,n2214,1,MAJ
n980,n2223,1,MAJ
n980,n2252,1,MAJ
n980,n2278,1,MAJ
n980,n2310,1,MAJ
n980,n2318,1,MAJ
n980,n2326,1,MAJ
n980,n2373,1,MAJ
n980,n2389,1,MAJ
n980,n2392,1,MAJ
n980,n2406,1,MAJ
n980,n2413,1,MAJ
n980,n2457,1,MAJ
n980,n2521,1,MAJ
n980,n2551,1,MAJ
n980,n2568,1,MAJ
n980,n2650,1,MAJ
n980,n2715,1,MAJ
n980,n2717,1,MAJ
n980,n2736,1,MAJ
n980,n2783,1,MAJ
n980,n2797,1,MAJ
n980,n2826,1,MAJ
n980,n2829,1,MAJ
n980,n2846,1,MAJ
n980,n2891,1,MAJ
n980,n2913,1,MAJ
n980,n2971,1,MAJ
n980,n3030,1,MAJ
n980,n3129,1,MAJ
n980,n3133,1,MAJ
n980,n3205,1,MAJ
n980,n3247,1,MAJ
n980,n3249,1,MAJ
n980,n3368,1,MAJ
n980,n3379,1,MAJ
n980,n3438,1,MAJ
n980,n3516,1,MAJ
n980,n3602,1,MAJ
n980,n3716,1,MAJ
n980,n3723,1,MAJ
n980,n3735,1,MAJ
n980,n3844,1,MAJ
n980,n4021,1,MAJ
n980,n4086,1,MAJ
n980,n4146,1,MAJ
n980,n4217,1,MAJ
n980,n4239,1,MAJ
n980,n4318,1,MAJ
n980,n4475,1,MAJ
n980,n4648,1,MAJ
n988,n1277,1,MAJ
n988,n1355,1,MAJ
n988,n1393,1,MAJ
n988,n2063,1,MAJ
n988,n2088,1,MAJ
n988,n2787,1,MAJ
n988,n3102,1,MAJ
n988,n3266,1,MAJ
n988,n3293,1,MAJ
n988,n3303,1,MAJ
n988,n4201,1,MAJ
n1002,n1138,1,MAJ
n1002,n1269,1,MAJ
n1002,n1443,1,MAJ
n1002,n1707,1,MAJ
n1002,n1759,1,MAJ
n1002,n2085,1,MAJ
n1002,n2327,1,MAJ
n1002,n2448,1,MAJ
n1002,n2503,1,MAJ
n1002,n2614,1,MAJ
n1002,n2657,1,MAJ
n1002,n2663,1,MAJ
n1002,n2667,1,MAJ
n1002,n2704,1,MAJ
n1002,n2733,1,MAJ
n1002,n2809,1,MAJ
n1002,n2830,1,MAJ
n1002,n2834,1,MAJ
n1002,n3036,1,MAJ
n1002,n3070,1,MAJ
n1002,n3097,1,MAJ
n1002,n3259,1,MAJ
n1002,n3403,1,MAJ
n1002,n3472,1,MAJ
n1002,n3493,1,MAJ
n1002,n3695,1,MAJ
n1002,n3696,1,MAJ
n1002,n3701,1,MAJ
n1002,n3731,1,MAJ
n1002,n3741,1,MAJ
n1002,n3742,1,MAJ
n1002,n3807,1,MAJ
n1002,n3870,1,MAJ
n1002,n3961,1,MAJ
n1002,n4046,1,MAJ
n1002,n4159,1,MAJ
n1002,n4339,1,MAJ
n1002,n4397,1,MAJ
n1002,n4430,1,MAJ
n1002,n4549,1,MAJ
n1004,n1022,1,MAJ
n1004,n1343,2,BOTH
n1004,n1532,1,MAJ
n1004,n2231,1,MAJ
n1004,n2312,1,MAJ
n1004,n2420,1,MAJ
n1004,n2452,1,MAJ
n1004,n2748,1,MAJ
n1004,n3296,1,MAJ
n1004,n3383,1,MAJ
n1004,n3467,1,MAJ
n1004,n3496,1,MAJ
n1004,n3711,1,MAJ
n1004,n3893,1,MAJ
n1004,n4174,1,MAJ
n1022,n1032,1,UNIT
n1022,n1258,1,UNIT
n1022,n1343,1,MAJ
n1022,n1417,1,UNIT
n1022,n1450,1,UNIT
n1022,n1532,1,MAJ
n1022,n2231,1,MAJ
n1022,n2312,1,MAJ
n1022,n2420,1,MAJ
n1022,n2452,1,MAJ
n1022,n2561,1,UNIT
n1022,n2568,1,UNIT
n1022,n2748,1,MAJ
n1022,n2891,1,UNIT
n1022,n2927,1,UNIT
n1022,n3296,1,MAJ
n1022,n3379,1,UNIT
n1022,n3383,1,MAJ
n1022,n3467,1,MAJ
n1022,n3496,1,MAJ
n1022,n3711,1,MAJ
n1022,n3893,2,BOTH
n1022,n4095,1,UNIT
n1022,n4159,1,UNIT
n1022,n4174,1,MAJ
n1022,n4318,1,UNIT
n1032,n1258,1,UNIT
n1032,n1417,1,UNIT
n1032,n1450,1,UNIT
n1032,n2214,1,MAJ
n1032,n2395,1,MAJ
n1032,n2541,1,MAJ
n1032,n2561,1,UNIT
n1032,n2568,1,UNIT
n1032,n2623,1,MAJ
n1032,n2891,1,UNIT
n1032,n2927,1,UNIT
n1032,n3281,1,MAJ
n1032,n3325,1,MAJ
n1032,n3358,1,MAJ
n1032,n3379,1,UNIT
n1032,n3893,1,UNIT
n1032,n4095,1,UNIT
n1032,n4159,1,UNIT
n1032,n4318,1,UNIT
n1039,n2056,1,MAJ
n1039,n2472,1,MAJ
n1039,n2580,1,MAJ
n1039,n4237,1,MAJ
n1040,n1377,1,MAJ
n1040,n2073,1,MAJ
n1040,n2193,1,MAJ
n1040,n2365,1,MAJ
n1040,n2366,1,MAJ
n1040,n2751,1,MAJ
n1040,n2914,1,MAJ
n1040,n3055,1,MAJ
n1040,n3221,1,MAJ
n1040,n3235,1,MAJ
n1040,n3737,1,MAJ
n1040,n3878,1,MAJ
n1040,n4439,1,MAJ
n1046,n2629,1,MAJ
n1046,n3243,1,MAJ
n1046,n3321,1,MAJ
n1046,n3579,1,MAJ
n1062,n1243,1,MAJ
n1062,n1468,1,MAJ
n1062,n2440,1,MAJ
n1062,n2480,1,MAJ
n1062,n2502,1,MAJ
n1062,n2547,1,MAJ
n1062,n2794,1,MAJ
n1062,n2913,1,MAJ
n1062,n2971,1,MAJ
n1062,n3180,1,MAJ
n1062,n3393,1,MAJ
n1062,n3421,1,MAJ
n1062,n3516,1,MAJ
n1062,n3647,1,MAJ
n1062,n3904,1,MAJ
n1062,n3953,1,MAJ
n1062,n4640,1,MAJ
n1077,n1213,1,MAJ
n1077,n2388,1,UNIT
n1077,n2425,1,UNIT
n1077,n2529,1,MAJ
n1077,n2597,1,MAJ
n1077,n2731,1,MAJ
n1077,n2751,1,UNIT
n1077,n2754,2,BOTH
n1077,n2957,1,MAJ
n1077,n3027,1,MAJ
n1077,n3327,1,MAJ
n1077,n3335,1,MAJ
n1077,n3501,1,MAJ
n1077,n3725,1,MAJ
n1077,n3732,1,MAJ
n1077,n3733,1,MAJ
n1077,n4419,1,MAJ
n1077,n4603,1,MAJ
n1108,n1168,1,MAJ
n1108,n1339,1,MAJ
n1108,n1357,1,MAJ
n1108,n2065,1,MAJ
n1108,n2167,1,MAJ
n1108,n2425,1,MAJ
n1108,n2495,1,MAJ
n1108,n2610,1,MAJ
n1108,n2863,1,MAJ
n1108,n2951,1,MAJ
n1108,n3039,1,MAJ
n1108,n3421,1,MAJ
n1108,n3477,1,MAJ
n1108,n3488,1,MAJ
n1108,n3571,1,MAJ
n1108,n3575,1,MAJ
n1108,n4588,1,MAJ
n1138,n1269,1,MAJ
n1138,n1443,1,MAJ
n1138,n1707,1,MAJ
n1138,n1759,1,MAJ
n1138,n2085,1,MAJ
n1138,n2327,1,MAJ
n1138,n2448,1,MAJ
n1138,n2503,1,MAJ
n1138,n2614,1,MAJ
n1138,n2657,1,MAJ
n1138,n2663,1,MAJ
n1138,n2667,1,MAJ
n1138,n2704,1,MAJ
n1138,n2733,1,MAJ
n1138,n2809,1,MAJ
n1138,n2830,1,MAJ
n1138,n2834,1,MAJ
n1138,n3036,1,MAJ
n1138,n3070,1,MAJ
n1138,n3097,1,MAJ
n1138,n3259,1,MAJ
n1138,n3403,1,MAJ
n1138,n3472,1,MAJ
n1138,n3493,1,MAJ
n1138,n3695,1,MAJ
n1138,n3696,1,MAJ
n1138,n3701,1,MAJ
n1138,n3731,1,MAJ
n1138,n3741,1,MAJ
n1138,n3742,1,MAJ
n1138,n3807,1,MAJ
n1138,n3870,1,MAJ
n1138,n3961,1,MAJ
n1138,n4046,1,MAJ
n1138,n4159,1,MAJ
n1138,n4339,1,MAJ
n1138,n4397,1,MAJ
n1138,n4430,1,MAJ
n1138,n4549,1,MAJ
n1168,n1339,1,MAJ
n1168,n1357,1,MAJ
n1168,n2065,1,MAJ
n1168,n2167,1,MAJ
n1168,n2425,1,MAJ
n1168,n2495,1,MAJ
n1168,n2610,1,MAJ
n1168,n2863,1,MAJ
n1168,n2951,1,MAJ
n1168,n3039,1,MAJ
n1168,n3421,1,MAJ
n1168,n3477,1,MAJ
n1168,n3488,1,MAJ
n1168,n3571,1,MAJ
n1168,n3575,1,MAJ
n1168,n4588,1,MAJ
n1201,n1450,1,MAJ
n1201,n2109,1,MAJ
n1201,n2370,1,MAJ
n1201,n2527,1,MAJ
n1201,n2622,1,MAJ
n1201,n2899,1,MAJ
n1201,n3468,1,MAJ
n1201,n3968,1,MAJ
n1201,n3971,1,MAJ
n1201,n3972,1,MAJ
n1201,n4140,1,MAJ
n1201,n4450,1,MAJ
n1207,n2112,1,MAJ
n1207,n2462,1,MAJ
n1207,n2544,1,MAJ
n1207,n2548,1,MAJ
n1207,n2590,1,MAJ
n1207,n2803,1,MAJ
n1207,n3291,1,MAJ
n1207,n3447,1,MAJ
n1207,n3450,1,MAJ
n1207,n3498,1,MAJ
n1207,n3669,1,MAJ
n1207,n3838,1,MAJ
n1211,n1258,1,MAJ
n1211,n1316,1,MAJ
n1211,n1415,1,MAJ
n1211,n1481,1,MAJ
n1211,n1489,1,MAJ
n1211,n1498,1,MAJ
n1211,n1650,1,MAJ
n1211,n2165,1,MAJ
n1211,n2214,1,MAJ
n1211,n2223,1,MAJ
n1211,n2252,1,MAJ
n1211,n2278,1,MAJ
n1211,n2310,1,MAJ
n1211,n2318,1,MAJ
n1211,n2326,1,MAJ
n1211,n2373,1,MAJ
n1211,n2389,1,MAJ
n1211,n2392,1,MAJ
n1211,n2406,1,MAJ
n1211,n2413,1,MAJ
n1211,n2457,1,MAJ
n1211,n2521,1,MAJ
n1211,n2551,1,MAJ
n1211,n2568,1,MAJ
n1211,n2650,1,MAJ
n1211,n2715,1,MAJ
n1211,n2717,1,MAJ
n1211,n2736,1,MAJ
n1211,n2783,1,MAJ
n1211,n2797,1,MAJ
n1211,n2826,1,MAJ
n1211,n2829,1,MAJ
n1211,n2846,1,MAJ
n1211,n2891,1,MAJ
n1211,n2913,1,MAJ
n1211,n2971,1,MAJ
n1211,n3030,1,MAJ
n1211,n3129,1,MAJ
n1211,n3133,1,MAJ
n1211,n3205,1,MAJ
n1211,n3247,1,MAJ
n1211,n3249,1,MAJ
n1211,n3368,1,MAJ
n1211,n3379,1,MAJ
n1211,n3438,1,MAJ
n1211,n3516,1,MAJ
n1211,n3602,1,MAJ
n1211,n3716,1,MAJ
n1211,n3723,1,MAJ
n1211,n3735,1,MAJ
n1211,n3844,1,MAJ
n1211,n4021,1,MAJ
n1211,n4086,1,MAJ
n1211,n4146,1,MAJ
n1211,n4217,1,MAJ
n1211,n4239,1,MAJ
n1211,n4318,1,MAJ
n1211,n4475,1,MAJ
n1211,n4648,1,MAJ
n1213,n2529,1,MAJ
n1213,n2597,1,MAJ
n1213,n2731,1,MAJ
n1213,n2754,1,MAJ
n1213,n2957,1,MAJ
n1213,n3027,1,MAJ
n1213,n3327,1,MAJ
n1213,n3335,1,MAJ
n1213,n3501,1,MAJ
n1213,n3725,1,MAJ
n1213,n3732,1,MAJ
n1213,n3733,1,MAJ
n1213,n4419,1,MAJ
n1213,n4603,1,MAJ
n1243,n1468,1,MAJ
n1243,n2440,1,MAJ
n1243,n2480,1,MAJ
n1243,n2502,1,MAJ
n1243,n2547,1,MAJ
n1243,n2794,1,MAJ
n1243,n2913,1,MAJ
n1243,n2971,1,MAJ
n1243,n3180,1,MAJ
n1243,n3393,1,MAJ
n1243,n3421,1,MAJ
n1243,n3516,1,MAJ
n1243,n3647,1,MAJ
n1243,n3904,1,MAJ
n1243,n3953,1,MAJ
n1243,n4640,1,MAJ
n1256,n2250,1,MAJ
n1256,n2443,1,MAJ
n1256,n2786,1,MAJ
n1256,n2843,1,MAJ
n1256,n3364,1,MAJ
n1256,n3457,1,MAJ
n1256,n3996,1,MAJ
n1256,n4233,1,MAJ
n1256,n4681,1,MAJ
n1258,n1316,1,MAJ
n1258,n1415,1,MAJ
n1258,n1417,1,UNIT
n1258,n1450,1,UNIT
n1258,n1481,1,MAJ
n1258,n1489,1,MAJ
n1258,n1498,1,MAJ
n1258,n1650,1,MAJ
n1258,n2165,1,MAJ
n1258,n2214,1,MAJ
n1258,n2223,1,MAJ
n1258,n2252,1,MAJ
n1258,n2278,1,MAJ
n1258,n2310,1,MAJ
n1258,n2318,1,MAJ
n1258,n2326,1,MAJ
n1258,n2373,1,MAJ
n1258,n2389,1,MAJ
n1258,n2392,1,MAJ
n1258,n2406,1,MAJ
n1258,n2413,1,MAJ
n1258,n2457,1,MAJ
n1258,n2521,1,MAJ
n1258,n2551,1,MAJ
n1258,n2561,1,UNIT
n1258,n2568,2,BOTH
n1258,n2650,1,MAJ
n1258,n2715,1,MAJ
n1258,n2717,1,MAJ
n1258,n2736,1,MAJ
n1258,n2783,1,MAJ
n1258,n2797,1,MAJ
n1258,n2826,1,MAJ
n1258,n2829,1,MAJ
n1258,n2846,1,MAJ
n1258,n2891,2,BOTH
n1258,n2913,1,MAJ
n1258,n2927,1,UNIT
n1258,n2971,1,MAJ
n1258,n3030,1,MAJ
n1258,n3129,1,MAJ
n1258,n3133,1,MAJ
n1258,n3205,1,MAJ
n1258,n3247,1,MAJ
n1258,n3249,1,MAJ
n1258,n3368,1,MAJ
n1258,n3379,2,BOTH
n1258,n3438,1,MAJ
n1258,n3516,1,MAJ
n1258,n3602,1,MAJ
n1258,n3716,1,MAJ
n1258,n3723,1,MAJ
n1258,n3735,1,MAJ
n1258,n3844,1,MAJ
n1258,n3893,1,UNIT
n1258,n4021,1,MAJ
n1258,n4086,1,MAJ
n1258,n4095,1,UNIT
n1258,n4146,1,MAJ
n1258,n4159,1,UNIT
n1258,n4217,1,MAJ
n1258,n4239,1,MAJ
n1258,n4318,2,BOTH
n1258,n4475,1,MAJ
n1258,n4648,1,MAJ
n1269,n1443,1,MAJ
n1269,n1707,1,MAJ
n1269,n1759,1,MAJ
n1269,n2085,1,MAJ
n1269,n2327,1,MAJ
n1269,n2448,1,MAJ
n1269,n2503,1,MAJ
n1269,n2614,1,MAJ
n1269,n2657,1,MAJ
n1269,n2663,1,MAJ
n1269,n2667,1,MAJ
n1269,n2704,1,MAJ
n1269,n2733,1,MAJ
n1269,n2809,1,MAJ
n1269,n2830,1,MAJ
n1269,n2834,1,MAJ
n1269,n3036,1,MAJ
n1269,n3070,1,MAJ
n1269,n3097,1,MAJ
n1269,n3259,1,MAJ
n1269,n3403,1,MAJ
n1269,n3472,1,MAJ
n1269,n3493,1,MAJ
n1269,n3695,1,MAJ
n1269,n3696,1,MAJ
n1269,n3701,1,MAJ
n1269,n3731,1,MAJ
n1269,n3741,1,MAJ
n1269,n3742,1,MAJ
n1269,n3807,1,MAJ
n1269,n3870,1,MAJ
n1269,n3961,1,MAJ
n1269,n4046,1,MAJ
n1269,n4159,1,MAJ
n1269,n4339,1,MAJ
n1269,n4397,1,MAJ
n1269,n4430,1,MAJ
n1269,n4549,1,MAJ
n1277,n1355,1,MAJ
n1277,n1393,1,MAJ
n1277,n2063,1,MAJ
n1277,n2088,1,MAJ
n1277,n2443,1,UNIT
n1277,n2787,1,MAJ
n1277,n3102,1,MAJ
n1277,n3266,1,MAJ
n1277,n3293,1,MAJ
n1277,n3303,1,MAJ
n1277,n4201,1,MAJ
n1316,n1415,1,MAJ
n1316,n1481,1,MAJ
n1316,n1489,1,MAJ
n1316,n1498,1,MAJ
n1316,n1650,1,MAJ
n1316,n2165,1,MAJ
n1316,n2214,1,MAJ
n1316,n2223,1,MAJ
n1316,n2252,1,MAJ
n1316,n2278,1,MAJ
n1316,n2310,1,MAJ
n1316,n2318,1,MAJ
n1316,n2326,1,MAJ
n1316,n2373,1,MAJ
n1316,n2389,1,MAJ
n1316,n2392,1,MAJ
n1316,n2406,1,MAJ
n1316,n2413,1,MAJ
n1316,n2457,1,MAJ
n1316,n2521,1,MAJ
n1316,n2551,1,MAJ
n1316,n2568,1,MAJ
n1316,n2650,1,MAJ
n1316,n2715,1,MAJ
n1316,n2717,1,MAJ
n1316,n2736,1,MAJ
n1316,n2783,1,MAJ
n1316,n2797,1,MAJ
n1316,n2826,1,MAJ
n1316,n2829,1,MAJ
n1316,n2846,1,MAJ
n1316,n2891,1,MAJ
n1316,n2913,1,MAJ
n1316,n2971,1,MAJ
n1316,n3030,1,MAJ
n1316,n3129,1,MAJ
n1316,n3133,1,MAJ
n1316,n3205,1,MAJ
n1316,n3247,1,MAJ
n1316,n3249,1,MAJ
n1316,n3368,1,MAJ
n1316,n3379,1,MAJ
n1316,n3438,1,MAJ
n1316,n3516,1,MAJ
n1316,n3602,1,MAJ
n1316,n3716,1,MAJ
n1316,n3723,1,MAJ
n1316,n3735,1,MAJ
n1316,n3844,1,MAJ
n1316,n4021,1,MAJ
n1316,n4086,1,MAJ
n1316,n4146,1,MAJ
n1316,n4217,1,MAJ
n1316,n4239,1,MAJ
n1316,n4318,1,MAJ
n1316,n4475,1,MAJ
n1316,n4648,1,MAJ
n1320,n1466,1,MAJ
n1320,n2186,1,MAJ
n1320,n2408,1,MAJ
n1320,n3038,1,MAJ
n1320,n3508,1,MAJ
n1339,n1357,1,MAJ
n1339,n2065,1,MAJ
n1339,n2167,1,MAJ
n1339,n2425,1,MAJ
n1339,n2495,1,MAJ
n1339,n2610,1,MAJ
n1339,n2863,1,MAJ
n1339,n2951,1,MAJ
n1339,n3039,1,MAJ
n1339,n3421,1,MAJ
n1339,n3477,1,MAJ
n1339,n3488,1,MAJ
n1339,n3571,1,MAJ
n1339,n3575,1,MAJ
n1339,n4588,1,MAJ
n1343,n1532,1,MAJ
n1343,n2231,1,MAJ
n1343,n2312,1,MAJ
n1343,n2420,1,MAJ
n1343,n2452,1,MAJ
n1343,n2748,1,MAJ
n1343,n3296,1,MAJ
n1343,n3383,1,MAJ
n1343,n3467,1,MAJ
n1343,n3496,1,MAJ
n1343,n3711,1,MAJ
n1343,n3893,1,MAJ
n1343,n4174,1,MAJ
n1355,n1393,1,MAJ
n1355,n2063,1,MAJ
n1355,n2088,1,MAJ
n1355,n2787,1,MAJ
n1355,n3102,1,MAJ
n1355,n3266,1,MAJ
n1355,n3293,1,MAJ
n1355,n3303,1,MAJ
n1355,n4201,1,MAJ
n1357,n2065,1,MAJ
n1357,n2167,1,MAJ
n1357,n2425,1,MAJ
n1357,n2495,1,MAJ
n1357,n2610,1,MAJ
n1357,n2863,1,MAJ
n1357,n2951,1,MAJ
n1357,n3039,1,MAJ
n1357,n3421,1,MAJ
n1357,n3477,1,MAJ
n1357,n3488,1,MAJ
n1357,n3571,1,MAJ
n1357,n3575,1,MAJ
n1357,n4588,1,MAJ
n1372,n2192,1,MAJ
n1372,n2300,1,UNIT
n1372,n2460,1,MAJ
n1372,n2620,1,MAJ
n1372,n2705,1,MAJ
n1372,n2816,1,MAJ
n1372,n2843,1,MAJ
n1372,n2948,1,MAJ
n1372,n3349,1,MAJ
n1372,n3364,1,MAJ
n1372,n3457,1,MAJ
n1372,n3930,1,MAJ
n1372,n4105,1,MAJ
n1372,n4681,1,MAJ
n1377,n2073,1,MAJ
n1377,n2193,1,MAJ
n1377,n2300,1,UNIT
n1377,n2365,1,MAJ
n1377,n2366,1,MAJ
n1377,n2388,1,UNIT
n1377,n2521,1,UNIT
n1377,n2751,2,BOTH
n1377,n2843,1,UNIT
n1377,n2863,1,UNIT
n1377,n2914,1,MAJ
n1377,n3036,1,UNIT
n1377,n3055,1,MAJ
n1377,n3057,1,UNIT
n1377,n3221,1,MAJ
n1377,n3235,1,MAJ
n1377,n3403,1,UNIT
n1377,n3438,1,UNIT
n1377,n3723,1,UNIT
n1377,n3737,1,MAJ
n1377,n3878,1,MAJ
n1377,n4339,1,UNIT
n1377,n4439,1,MAJ
n1393,n2063,1,MAJ
n1393,n2088,1,MAJ
n1393,n2787,1,MAJ
n1393,n3102,1,MAJ
n1393,n3266,1,MAJ
n1393,n3293,1,MAJ
n1393,n3303,1,MAJ
n1393,n4201,1,MAJ
n1395,n1432,1,MAJ
n1395,n1437,1,MAJ
n1395,n2000,1,MAJ
n1395,n2275,1,MAJ
n1395,n2357,1,MAJ
n1395,n2386,1,MAJ
n1395,n2561,1,MAJ
n1395,n2792,1,MAJ
n1395,n2806,1,MAJ
n1395,n2962,1,MAJ
n1395,n3278,1,MAJ
n1395,n3432,1,MAJ
n1395,n3475,1,MAJ
n1395,n3499,1,MAJ
n1395,n3559,1,MAJ
n1395,n3713,1,MAJ
n1415,n1481,1,MAJ
n1415,n1489,1,MAJ
n1415,n1498,1,MAJ
n1415,n1650,1,MAJ
n1415,n2165,1,MAJ
n1415,n2214,1,MAJ
n1415,n2223,1,MAJ
n1415,n2252,1,MAJ
n1415,n2278,1,MAJ
n1415,n2310,1,MAJ
n1415,n2318,1,MAJ
n1415,n2326,1,MAJ
n1415,n2373,1,MAJ
n1415,n2389,1,MAJ
n1415,n2392,1,MAJ
n1415,n2406,1,MAJ
n1415,n2413,1,MAJ
n1415,n2457,1,MAJ
n1415,n2521,1,MAJ
n1415,n2551,1,MAJ
n1415,n2568,1,MAJ
n1415,n2650,1,MAJ
n1415,n2715,1,MAJ
n1415,n2717,1,MAJ
n1415,n2736,1,MAJ
n1415,n2783,1,MAJ
n1415,n2797,1,MAJ
n1415,n2826,1,MAJ
n1415,n2829,1,MAJ
n1415,n2846,1,MAJ
n1415,n2891,1,MAJ
n1415,n2913,1,MAJ
n1415,n2971,1,MAJ
n1415,n3030,1,MAJ
n1415,n3129,1,MAJ
n1415,n3133,1,MAJ
n1415,n3205,1,MAJ
n1415,n3247,1,MAJ
n1415,n3249,1,MAJ
n1415,n3368,1,MAJ
n1415,n3379,1,MAJ
n1415,n3438,1,MAJ
n1415,n3516,1,MAJ
n1415,n3602,1,MAJ
n1415,n3716,1,MAJ
n1415,n3723,1,MAJ
n1415,n3735,1,MAJ
n1415,n3844,1,MAJ
n1415,n4021,1,MAJ
n1415,n4086,1,MAJ
n1415,n4146,1,MAJ
n1415,n4217,1,MAJ
n1415,n4239,1,MAJ
n1415,n4318,1,MAJ
n1415,n4475,1,MAJ
n1415,n4648,1,MAJ
n1417,n1450,1,UNIT
n1417,n2561,1,UNIT
n1417,n2568,1,UNIT
n1417,n2863,1,MAJ
n1417,n2891,1,UNIT
n1417,n2927,1,UNIT
n1417,n3379,1,UNIT
n1417,n3893,1,UNIT
n1417,n4095,1,UNIT
n1417,n4159,1,UNIT
n1417,n4318,1,UNIT
n1432,n1437,1,MAJ
n1432,n2000,1,MAJ
n1432,n2275,1,MAJ
n1432,n2357,1,MAJ
n1432,n2386,1,MAJ
n1432,n2561,1,MAJ
n1432,n2792,1,MAJ
n1432,n2806,1,MAJ
n1432,n2962,1,MAJ
n1432,n3278,1,MAJ
n1432,n3432,1,MAJ
n1432,n3475,1,MAJ
n1432,n3499,1,MAJ
n1432,n3559,1,MAJ
n1432,n3713,1,MAJ
n1437,n2000,1,MAJ
n1437,n2275,1,MAJ
n1437,n2357,1,MAJ
n1437,n2386,1,MAJ
n1437,n2561,1,MAJ
n1437,n2792,1,MAJ
n1437,n2806,1,MAJ
n1437,n2962,1,MAJ
n1437,n3278,1,MAJ
n1437,n3432,1,MAJ
n1437,n3475,1,MAJ
n1437,n3499,1,MAJ
n1437,n3559,1,MAJ
n1437,n3713,1,MAJ
n1443,n1707,1,MAJ
n1443,n1759,1,MAJ
n1443,n2085,1,MAJ
n1443,n2165,1,UNIT
n1443,n2231,1,UNIT
n1443,n2250,1,UNIT
n1443,n2274,1,UNIT
n1443,n2327,1,MAJ
n1443,n2448,1,MAJ
n1443,n2503,1,MAJ
n1443,n2614,1,MAJ
n1443,n2620,1,UNIT
n1443,n2623,1,UNIT
n1443,n2657,1,MAJ
n1443,n2663,1,MAJ
n1443,n2667,1,MAJ
n1443,n2669,1,UNIT
n1443,n2704,1,MAJ
n1443,n2715,1,UNIT
n1443,n2733,1,MAJ
n1443,n2809,1,MAJ
n1443,n2816,1,UNIT
n1443,n2830,1,MAJ
n1443,n2834,1,MAJ
n1443,n2846,1,UNIT
n1443,n2962,1,UNIT
n1443,n2965,1,UNIT
n1443,n3036,1,MAJ
n1443,n3070,1,MAJ
n1443,n3097,1,MAJ
n1443,n3102,1,UNIT
n1443,n3180,1,UNIT
n1443,n3259,1,MAJ
n1443,n3393,1,UNIT
n1443,n3403,1,MAJ
n1443,n3472,1,MAJ
n1443,n3493,1,MAJ
n1443,n3559,1,UNIT
n1443,n3647,1,UNIT
n1443,n3695,1,MAJ
n1443,n3696,1,MAJ
n1443,n3701,1,MAJ
n1443,n3731,1,MAJ
n1443,n3741,1,MAJ
n1443,n3742,1,MAJ
n1443,n3807,1,MAJ
n1443,n3870,1,MAJ
n1443,n3953,1,UNIT
n1443,n3961,1,MAJ
n1443,n4046,2,BOTH
n1443,n4159,1,MAJ
n1443,n4339,1,MAJ
n1443,n4397,1,MAJ
n1443,n4430,1,MAJ
n1443,n4431,1,UNIT
n1443,n4549,1,MAJ
n1450,n2109,1,MAJ
n1450,n2370,1,MAJ
n1450,n2527,1,MAJ
n1450,n2561,1,UNIT
n1450,n2568,1,UNIT
n1450,n2622,1,MAJ
n1450,n2891,1,UNIT
n1450,n2899,1,MAJ
n1450,n2927,1,UNIT
n1450,n3379,1,UNIT
n1450,n3468,1,MAJ
n1450,n3893,1,UNIT
n1450,n3968,1,MAJ
n1450,n3971,1,MAJ
n1450,n3972,2,BOTH
n1450,n4095,1,UNIT
n1450,n4140,1,MAJ
n1450,n4159,1,UNIT
n1450,n4318,1,UNIT
n1450,n4450,1,MAJ
n1462,n2274,1,MAJ
n1462,n2336,1,MAJ
n1462,n2589,1,MAJ
n1462,n2631,1,MAJ
n1462,n2669,1,MAJ
n1462,n2689,1,MAJ
n1462,n2721,1,MAJ
n1462,n2765,1,MAJ
n1462,n2927,1,MAJ
n1462,n2965,1,MAJ
n1462,n4681,1,MAJ
n1466,n2186,1,MAJ
n1466,n2408,1,MAJ
n1466,n3038,1,MAJ
n1466,n3508,1,MAJ
n1468,n2440,1,MAJ
n1468,n2480,1,MAJ
n1468,n2502,1,MAJ
n1468,n2547,1,MAJ
n1468,n2794,1,MAJ
n1468,n2913,1,MAJ
n1468,n2971,1,MAJ
n1468,n3180,1,MAJ
n1468,n3393,1,MAJ
n1468,n3421,1,MAJ
n1468,n3516,1,MAJ
n1468,n3647,1,MAJ
n1468,n3904,1,MAJ
n1468,n3953,1,MAJ
n1468,n4640,1,MAJ
n1481,n1489,1,MAJ
n1481,n1498,1,MAJ
n1481,n1650,1,MAJ
n1481,n2165,1,MAJ
n1481,n2214,1,MAJ
n1481,n2223,1,MAJ
n1481,n2252,1,MAJ
n1481,n2278,1,MAJ
n1481,n2310,1,MAJ
n1481,n2318,1,MAJ
n1481,n2326,1,MAJ
n1481,n2373,1,MAJ
n1481,n2389,1,MAJ
n1481,n2392,1,MAJ
n1481,n2406,1,MAJ
n1481,n2413,1,MAJ
n1481,n2457,1,MAJ
n1481,n2521,1,MAJ
n1481,n2551,1,MAJ
n1481,n2568,1,MAJ
n1481,n2650,1,MAJ
n1481,n2715,1,MAJ
n1481,n2717,1,MAJ
n1481,n2736,1,MAJ
n1481,n2783,1,MAJ
n1481,n2797,1,MAJ
n1481,n2826,1,MAJ
n1481,n2829,1,MAJ
n1481,n2846,1,MAJ
n1481,n2891,1,MAJ
n1481,n2913,1,MAJ
n1481,n2971,1,MAJ
n1481,n3030,1,MAJ
n1481,n3129,1,MAJ
n1481,n3133,1,MAJ
n1481,n3205,1,MAJ
n1481,n3247,1,MAJ
n1481,n3249,1,MAJ
n1481,n3368,1,MAJ
n1481,n3379,1,MAJ
n1481,n3438,1,MAJ
n1481,n3516,1,MAJ
n1481,n3602,1,MAJ
n1481,n3716,1,MAJ
n1481,n3723,1,MAJ
n1481,n3735,1,MAJ
n1481,n3844,1,MAJ
n1481,n4021,1,MAJ
n1481,n4086,1,MAJ
n1481,n4146,1,MAJ
n1481,n4217,1,MAJ
n1481,n4239,1,MAJ
n1481,n4318,1,MAJ
n1481,n4475,1,MAJ
n1481,n4648,1,MAJ
n1489,n1498,1,MAJ
n1489,n1650,1,MAJ
n1489,n2165,1,MAJ
n1489,n2214,1,MAJ
n1489,n2223,1,MAJ
n1489,n2252,1,MAJ
n1489,n2278,1,MAJ
n1489,n2310,1,MAJ
n1489,n2318,1,MAJ
n1489,n2326,1,MAJ
n1489,n2373,1,MAJ
n1489,n2389,1,MAJ
n1489,n2392,1,MAJ
n1489,n2406,1,MAJ
n1489,n2413,1,MAJ
n1489,n2457,1,MAJ
n1489,n2521,1,MAJ
n1489,n2551,1,MAJ
n1489,n2568,1,MAJ
n1489,n2650,1,MAJ
n1489,n2715,1,MAJ
n1489,n2717,1,MAJ
n1489,n2736,1,MAJ
n1489,n2783,1,MAJ
n1489,n2797,1,MAJ
n1489,n2826,1,MAJ
n1489,n2829,1,MAJ
n1489,n2846,1,MAJ
n1489,n2891,1,MAJ
n1489,n2913,1,MAJ
n1489,n2971,1,MAJ
n1489,n3030,1,MAJ
n1489,n3129,1,MAJ
n1489,n3133,1,MAJ
n1489,n3205,1,MAJ
n1489,n3247,1,MAJ
n1489,n3249,1,MAJ
n1489,n3368,1,MAJ
n1489,n3379,1,MAJ
n1489,n3438,1,MAJ
n1489,n3516,1,MAJ
n1489,n3602,1,MAJ
n1489,n3716,1,MAJ
n1489,n3723,1,MAJ
n1489,n3735,1,MAJ
n1489,n3844,1,MAJ
n1489,n4021,1,MAJ
n1489,n4086,1,MAJ
n1489,n4146,1,MAJ
n1489,n4217,1,MAJ
n1489,n4239,1,MAJ
n1489,n4318,1,MAJ
n1489,n4475,1,MAJ
n1489,n4648,1,MAJ
n1498,n1650,1,MAJ
n1498,n2165,1,MAJ
n1498,n2214,1,MAJ
n1498,n2223,1,MAJ
n1498,n2252,1,MAJ
n1498,n2278,1,MAJ
n1498,n2310,1,MAJ
n1498,n2311,1,UNIT
n1498,n2318,1,MAJ
n1498,n2326,1,MAJ
n1498,n2357,1,UNIT
n1498,n2373,1,MAJ
n1498,n2389,1,MAJ
n1498,n2392,1,MAJ
n1498,n2406,1,MAJ
n1498,n2413,1,MAJ
n1498,n2457,1,MAJ
n1498,n2521,1,MAJ
n1498,n2551,1,MAJ
n1498,n2568,1,MAJ
n1498,n2650,1,MAJ
n1498,n2705,1,UNIT
n1498,n2715,1,MAJ
n1498,n2717,1,MAJ
n1498,n2736,1,MAJ
n1498,n2783,1,MAJ
n1498,n2797,1,MAJ
n1498,n2826,1,MAJ
n1498,n2829,1,MAJ
n1498,n2846,1,MAJ
n1498,n2891,1,MAJ
n1498,n2913,1,MAJ
n1498,n2971,1,MAJ
n1498,n3030,1,MAJ
n1498,n3129,1,MAJ
n1498,n3133,1,MAJ
n1498,n3205,1,MAJ
n1498,n3247,1,MAJ
n1498,n3249,1,MAJ
n1498,n3368,1,MAJ
n1498,n3379,1,MAJ
n1498,n3438,1,MAJ
n1498,n3516,1,MAJ
n1498,n3602,1,MAJ
n1498,n3716,1,MAJ
n1498,n3723,1,MAJ
n1498,n3735,1,MAJ
n1498,n3844,1,MAJ
n1498,n4021,1,MAJ
n1498,n4086,1,MAJ
n1498,n4146,1,MAJ
n1498,n4217,1,MAJ
n1498,n4239,1,MAJ
n1498,n4318,1,MAJ
n1498,n4475,1,MAJ
n1498,n4648,1,MAJ
n1518,n2147,1,MAJ
n1518,n2729,1,MAJ
n1518,n3923,1,MAJ
n1518,n4334,1,MAJ
n1532,n2231,1,MAJ
n1532,n2312,1,MAJ
n1532,n2420,1,MAJ
n1532,n2452,1,MAJ
n1532,n2748,1,MAJ
n1532,n3296,1,MAJ
n1532,n3383,1,MAJ
n1532,n3467,1,MAJ
n1532,n3496,1,MAJ
n1532,n3711,1,MAJ
n1532,n3893,1,MAJ
n1532,n4174,1,MAJ
n1650,n2165,1,MAJ
n1650,n2214,1,MAJ
n1650,n2223,1,MAJ
n1650,n2252,1,MAJ
n1650,n2278,1,MAJ
n1650,n2310,1,MAJ
n1650,n2318,1,MAJ
n1650,n2326,1,MAJ
n1650,n2373,1,MAJ
n1650,n2389,1,MAJ
n1650,n2392,1,MAJ
n1650,n2406,1,MAJ
n1650,n2413,1,MAJ
n1650,n2457,1,MAJ
n1650,n2521,1,MAJ
n1650,n2551,1,MAJ
n1650,n2568,1,MAJ
n1650,n2650,1,MAJ
n1650,n2715,1,MAJ
n1650,n2717,1,MAJ
n1650,n2736,1,MAJ
n1650,n2783,1,MAJ
n1650,n2797,1,MAJ
n1650,n2826,1,MAJ
n1650,n2829,1,MAJ
n1650,n2846,1,MAJ
n1650,n2891,1,MAJ
n1650,n2913,1,MAJ
n1650,n2971,1,MAJ
n1650,n3030,1,MAJ
n1650,n3129,1,MAJ
n1650,n3133,1,MAJ
n1650,n3205,1,MAJ
n1650,n3247,1,MAJ
n1650,n3249,1,MAJ
n1650,n3368,1,MAJ
n1650,n3379,1,MAJ
n1650,n3438,1,MAJ
n1650,n3516,1,MAJ
n1650,n3602,1,MAJ
n1650,n3716,1,MAJ
n1650,n3723,1,MAJ
n1650,n3735,1,MAJ
n1650,n3844,1,MAJ
n1650,n4021,1,MAJ
n1650,n4086,1,MAJ
n1650,n4146,1,MAJ
n1650,n4217,1,MAJ
n1650,n4239,1,MAJ
n1650,n4318,1,MAJ
n1650,n4475,1,MAJ
n1650,n4648,1,MAJ
n1674,n3691,1,MAJ
n1702,n2493,1,MAJ
n1707,n1759,1,MAJ
n1707,n2085,1,MAJ
n1707,n2327,1,MAJ
n1707,n2448,1,MAJ
n1707,n2503,1,MAJ
n1707,n2614,1,MAJ
n1707,n2657,1,MAJ
n1707,n2663,1,MAJ
n1707,n2667,1,MAJ
n1707,n2704,1,MAJ
n1707,n2733,1,MAJ
n1707,n2809,1,MAJ
n1707,n2830,1,MAJ
n1707,n2834,1,MAJ
n1707,n3036,1,MAJ
n1707,n3070,1,MAJ
n1707,n3097,1,MAJ
n1707,n3259,1,MAJ
n1707,n3403,1,MAJ
n1707,n3472,1,MAJ
n1707,n3493,1,MAJ
n1707,n3695,1,MAJ
n1707,n3696,1,MAJ
n1707,n3701,1,MAJ
n1707,n3731,1,MAJ
n1707,n3741,1,MAJ
n1707,n3742,1,MAJ
n1707,n3807,1,MAJ
n1707,n3870,1,MAJ
n1707,n3961,1,MAJ
n1707,n4046,1,MAJ
n1707,n4159,1,MAJ
n1707,n4339,1,MAJ
n1707,n4397,1,MAJ
n1707,n4430,1,MAJ
n1707,n4549,1,MAJ
n1759,n2085,1,MAJ
n1759,n2327,1,MAJ
n1759,n2448,1,MAJ
n1759,n2503,1,MAJ
n1759,n2614,1,MAJ
n1759,n2657,1,MAJ
n1759,n2663,1,MAJ
n1759,n2667,1,MAJ
n1759,n2704,1,MAJ
n1759,n2733,1,MAJ
n1759,n2809,1,MAJ
n1759,n2830,1,MAJ
n1759,n2834,1,MAJ
n1759,n3036,1,MAJ
n1759,n3070,1,MAJ
n1759,n3097,1,MAJ
n1759,n3259,1,MAJ
n1759,n3403,1,MAJ
n1759,n3472,1,MAJ
n1759,n3493,1,MAJ
n1759,n3695,1,MAJ
n1759,n3696,1,MAJ
n1759,n3701,1,MAJ
n1759,n3731,1,MAJ
n1759,n3741,1,MAJ
n1759,n3742,1,MAJ
n1759,n3807,1,MAJ
n1759,n3870,1,MAJ
n1759,n3961,1,MAJ
n1759,n4046,1,MAJ
n1759,n4159,1,MAJ
n1759,n4339,1,MAJ
n1759,n4397,1,MAJ
n1759,n4430,1,MAJ
n1759,n4549,1,MAJ
n2000,n2275,1,MAJ
n2000,n2357,1,MAJ
n2000,n2386,1,MAJ
n2000,n2561,1,MAJ
n2000,n2792,1,MAJ
n2000,n2806,1,MAJ
n2000,n2962,1,MAJ
n2000,n3278,1,MAJ
n2000,n3432,1,MAJ
n2000,n3475,1,MAJ
n2000,n3499,1,MAJ
n2000,n3559,1,MAJ
n2000,n3713,1,MAJ
n2056,n2472,1,MAJ
n2056,n2580,1,MAJ
n2056,n4237,1,MAJ
n2063,n2088,1,MAJ
n2063,n2787,1,MAJ
n2063,n3102,1,MAJ
n2063,n3266,1,MAJ
n2063,n3293,1,MAJ
n2063,n3303,1,MAJ
n2063,n4201,1,MAJ
n2065,n2167,1,MAJ
n2065,n2425,1,MAJ
n2065,n2495,1,MAJ
n2065,n2610,1,MAJ
n2065,n2863,1,MAJ
n2065,n2951,1,MAJ
n2065,n3039,1,MAJ
n2065,n3421,1,MAJ
n2065,n3477,1,MAJ
n2065,n3488,1,MAJ
n2065,n3571,1,MAJ
n2065,n3575,1,MAJ
n2065,n4588,1,MAJ
n2073,n2193,1,MAJ
n2073,n2365,1,MAJ
n2073,n2366,1,MAJ
n2073,n2751,1,MAJ
n2073,n2914,1,MAJ
n2073,n3055,1,MAJ
n2073,n3221,1,MAJ
n2073,n3235,1,MAJ
n2073,n3737,1,MAJ
n2073,n3878,1,MAJ
n2073,n4439,1,MAJ
n2085,n2327,1,MAJ
n2085,n2448,1,MAJ
n2085,n2503,1,MAJ
n2085,n2614,1,MAJ
n2085,n2657,1,MAJ
n2085,n2663,1,MAJ
n2085,n2667,1,MAJ
n2085,n2704,1,MAJ
n2085,n2733,1,MAJ
n2085,n2809,1,MAJ
n2085,n2830,1,MAJ
n2085,n2834,1,MAJ
n2085,n3036,1,MAJ
n2085,n3070,1,MAJ
n2085,n3097,1,MAJ
n2085,n3259,1,MAJ
n2085,n3403,1,MAJ
n2085,n3472,1,MAJ
n2085,n3493,1,MAJ
n2085,n3695,1,MAJ
n2085,n3696,1,MAJ
n2085,n3701,1,MAJ
n2085,n3731,1,MAJ
n2085,n3741,1,MAJ
n2085,n3742,1,MAJ
n2085,n3807,1,MAJ
n2085,n3870,1,MAJ
n2085,n3961,1,MAJ
n2085,n4046,1,MAJ
n2085,n4159,1,MAJ
n2085,n4339,1,MAJ
n2085,n4397,1,MAJ
n2085,n4430,1,MAJ
n2085,n4549,1,MAJ
n2088,n2787,1,MAJ
n2088,n3102,1,MAJ
n2088,n3266,1,MAJ
n2088,n3293,1,MAJ
n2088,n3303,1,MAJ
n2088,n4201,1,MAJ
n2109,n2370,1,MAJ
n2109,n2527,1,MAJ
n2109,n2622,1,MAJ
n2109,n2899,1,MAJ
n2109,n3468,1,MAJ
n2109,n3968,1,MAJ
n2109,n3971,1,MAJ
n2109,n3972,1,MAJ
n2109,n4140,1,MAJ
n2109,n4450,1,MAJ
n2112,n2462,1,MAJ
n2112,n2544,1,MAJ
n2112,n2548,1,MAJ
n2112,n2590,1,MAJ
n2112,n2803,1,MAJ
n2112,n3291,1,MAJ
n2112,n3447,1,MAJ
n2112,n3450,1,MAJ
n2112,n3498,1,MAJ
n2112,n3669,1,MAJ
n2112,n3838,1,MAJ
n2141,n2358,1,MAJ
n2141,n3627,1,MAJ
n2141,n3657,1,MAJ
n2141,n4291,1,MAJ
n2147,n2729,1,MAJ
n2147,n3923,1,MAJ
n2147,n4334,1,MAJ
n2162,n4430,1,MAJ
n2165,n2214,1,MAJ
n2165,n2223,1,MAJ
n2165,n2231,1,UNIT
n2165,n2250,1,UNIT
n2165,n2252,1,MAJ
n2165,n2274,1,UNIT
n2165,n2278,1,MAJ
n2165,n2310,1,MAJ
n2165,n2318,1,MAJ
n2165,n2326,1,MAJ
n2165,n2373,1,MAJ
n2165,n2389,1,MAJ
n2165,n2392,1,MAJ
n2165,n2406,1,MAJ
n2165,n2413,1,MAJ
n2165,n2457,1,MAJ
n2165,n2521,1,MAJ
n2165,n2551,1,MAJ
n2165,n2568,1,MAJ
n2165,n2620,1,UNIT
n2165,n2623,1,UNIT
n2165,n2650,1,MAJ
n2165,n2669,1,UNIT
n2165,n2715,2,BOTH
n2165,n2717,1,MAJ
n2165,n2736,1,MAJ
n2165,n2783,1,MAJ
n2165,n2797,1,MAJ
n2165,n2816,1,UNIT
n2165,n2826,1,MAJ
n2165,n2829,1,MAJ
n2165,n2846,2,BOTH
n2165,n2891,1,MAJ
n2165,n2913,1,MAJ
n2165,n2962,1,UNIT
n2165,n2965,1,UNIT
n2165,n2971,1,MAJ
n2165,n3030,1,MAJ
n2165,n3102,1,UNIT
n2165,n3129,1,MAJ
n2165,n3133,1,MAJ
n2165,n3180,1,UNIT
n2165,n3205,1,MAJ
n2165,n3247,1,MAJ
n2165,n3249,1,MAJ
n2165,n3368,1,MAJ
n2165,n3379,1,MAJ
n2165,n3393,1,UNIT
n2165,n3438,1,MAJ
n2165,n3516,1,MAJ
n2165,n3559,1,UNIT
n2165,n3602,1,MAJ
n2165,n3647,1,UNIT
n2165,n3716,1,MAJ
n2165,n3723,1,MAJ
n2165,n3735,1,MAJ
n2165,n3844,1,MAJ
n2165,n3953,1,UNIT
n2165,n4021,1,MAJ
n2165,n4046,1,UNIT
n2165,n4086,1,MAJ
n2165,n4146,1,MAJ
n2165,n4217,1,MAJ
n2165,n4239,1,MAJ
n2165,n4318,1,MAJ
n2165,n4431,1,UNIT
n2165,n4475,1,MAJ
n2165,n4648,1,MAJ
n2167,n2425,1,MAJ
n2167,n2495,1,MAJ
n2167,n2610,1,MAJ
n2167,n2863,1,MAJ
n2167,n2951,1,MAJ
n2167,n3039,1,MAJ
n2167,n3421,1,MAJ
n2167,n3477,1,MAJ
n2167,n3488,1,MAJ
n2167,n3571,1,MAJ
n2167,n3575,1,MAJ
n2167,n4588,1,MAJ
n2186,n2408,1,MAJ
n2186,n3038,1,MAJ
n2186,n3508,1,MAJ
n2192,n2460,1,MAJ
n2192,n2620,1,MAJ
n2192,n2705,1,MAJ
n2192,n2816,1,MAJ
n2192,n2843,1,MAJ
n2192,n2948,1,MAJ
n2192,n3349,1,MAJ
n2192,n3364,1,MAJ
n2192,n3457,1,MAJ
n2192,n3930,1,MAJ
n2192,n4105,1,MAJ
n2192,n4681,1,MAJ
n2193,n2365,1,MAJ
n2193,n2366,1,MAJ
n2193,n2751,1,MAJ
n2193,n2914,1,MAJ
n2193,n3055,1,MAJ
n2193,n3221,1,MAJ
n2193,n3235,1,MAJ
n2193,n3737,1,MAJ
n2193,n3878,1,MAJ
n2193,n4439,1,MAJ
n2214,n2223,1,MAJ
n2214,n2252,1,MAJ
n2214,n2278,1,MAJ
n2214,n2310,1,MAJ
n2214,n2318,1,MAJ
n2214,n2326,1,MAJ
n2214,n2373,1,MAJ
n2214,n2389,1,MAJ
n2214,n2392,1,MAJ
n2214,n2395,1,MAJ
n2214,n2406,1,MAJ
n2214,n2413,1,MAJ
n2214,n2457,1,MAJ
n2214,n2521,1,MAJ
n2214,n2541,1,MAJ
n2214,n2551,1,MAJ
n2214,n2568,1,MAJ
n2214,n2623,1,MAJ
n2214,n2650,1,MAJ
n2214,n2715,1,MAJ
n2214,n2717,1,MAJ
n2214,n2736,1,MAJ
n2214,n2783,1,MAJ
n2214,n2797,1,MAJ
n2214,n2826,1,MAJ
n2214,n2829,1,MAJ
n2214,n2846,1,MAJ
n2214,n2891,1,MAJ
n2214,n2913,1,MAJ
n2214,n2971,1,MAJ
n2214,n3030,1,MAJ
n2214,n3129,1,MAJ
n2214,n3133,1,MAJ
n2214,n3205,1,MAJ
n2214,n3247,1,MAJ
n2214,n3249,1,MAJ
n2214,n3281,1,MAJ
n2214,n3325,1,MAJ
n2214,n3358,1,MAJ
n2214,n3368,1,MAJ
n2214,n3379,1,MAJ
n2214,n3438,1,MAJ
n2214,n3516,1,MAJ
n2214,n3602,1,MAJ
n2214,n3716,1,MAJ
n2214,n3723,1,MAJ
n2214,n3735,1,MAJ
n2214,n3844,1,MAJ
n2214,n4021,1,MAJ
n2214,n4086,1,MAJ
n2214,n4146,1,MAJ
n2214,n4217,1,MAJ
n2214,n4239,1,MAJ
n2214,n4318,1,MAJ
n2214,n4475,1,MAJ
n2214,n4648,1,MAJ
n2223,n2252,1,MAJ
n2223,n2278,1,MAJ
n2223,n2310,1,MAJ
n2223,n2318,1,MAJ
n2223,n2326,1,MAJ
n2223,n2373,1,MAJ
n2223,n2389,1,MAJ
n2223,n2392,1,MAJ
n2223,n2406,1,MAJ
n2223,n2413,1,MAJ
n2223,n2457,1,MAJ
n2223,n2521,1,MAJ
n2223,n2551,1,MAJ
n2223,n2568,1,MAJ
n2223,n2650,1,MAJ
n2223,n2715,1,MAJ
n2223,n2717,1,MAJ
n2223,n2736,1,MAJ
n2223,n2783,1,MAJ
n2223,n2797,1,MAJ
n2223,n2826,1,MAJ
n2223,n2829,1,MAJ
n2223,n2846,1,MAJ
n2223,n2891,1,MAJ
n2223,n2913,1,MAJ
n2223,n2971,1,MAJ
n2223,n3030,1,MAJ
n2223,n3129,1,MAJ
n2223,n3133,1,MAJ
n2223,n3205,1,MAJ
n2223,n3247,1,MAJ
n2223,n3249,1,MAJ
n2223,n3368,1,MAJ
n2223,n3379,1,MAJ
n2223,n3438,1,MAJ
n2223,n3516,1,MAJ
n2223,n3602,1,MAJ
n2223,n3716,1,MAJ
n2223,n3723,1,MAJ
n2223,n3735,1,MAJ
n2223,n3844,1,MAJ
n2223,n4021,1,MAJ
n2223,n4086,1,MAJ
n2223,n4146,1,MAJ
n2223,n4217,1,MAJ
n2223,n4239,1,MAJ
n2223,n4318,1,MAJ
n2223,n4475,1,MAJ
n2223,n4648,1,MAJ
n2231,n2250,1,UNIT
n2231,n2274,1,UNIT
n2231,n2312,1,MAJ
n2231,n2420,1,MAJ
n2231,n2452,1,MAJ
n2231,n2620,1,UNIT
n2231,n2623,1,UNIT
n2231,n2669,1,UNIT
n2231,n2715,1,UNIT
n2231,n2748,1,MAJ
n2231,n2816,1,UNIT
n2231,n2846,1,UNIT
n2231,n2962,1,UNIT
n2231,n2965,1,UNIT
n2231,n3102,1,UNIT
n2231,n3180,1,UNIT
n2231,n3296,1,MAJ
n2231,n3383,1,MAJ
n2231,n3393,1,UNIT
n2231,n3467,1,MAJ
n2231,n3496,1,MAJ
n2231,n3559,1,UNIT
n2231,n3647,1,UNIT
n2231,n3711,1,MAJ
n2231,n3893,1,MAJ
n2231,n3953,1,UNIT
n2231,n4046,1,UNIT
n2231,n4174,1,MAJ
n2231,n4431,1,UNIT
n2250,n2274,1,UNIT
n2250,n2443,1,MAJ
n2250,n2620,1,UNIT
n2250,n2623,1,UNIT
n2250,n2669,1,UNIT
n2250,n2715,1,UNIT
n2250,n2786,1,MAJ
n2250,n2816,1,UNIT
n2250,n2843,1,MAJ
n2250,n2846,1,UNIT
n2250,n2962,1,UNIT
n2250,n2965,1,UNIT
n2250,n3102,1,UNIT
n2250,n3180,1,UNIT
n2250,n3364,1,MAJ
n2250,n3393,1,UNIT
n2250,n3457,1,MAJ
n2250,n3559,1,UNIT
n2250,n3647,1,UNIT
n2250,n3953,1,UNIT
n2250,n3996,1,MAJ
n2250,n4046,1,UNIT
n2250,n4233,1,MAJ
n2250,n4431,1,UNIT
n2250,n4681,1,MAJ
n2252,n2278,1,MAJ
n2252,n2310,1,MAJ
n2252,n2318,1,MAJ
n2252,n2326,1,MAJ
n2252,n2373,1,MAJ
n2252,n2389,1,MAJ
n2252,n2392,1,MAJ
n2252,n2406,1,MAJ
n2252,n2413,1,MAJ
n2252,n2457,1,MAJ
n2252,n2521,1,MAJ
n2252,n2551,1,MAJ
n2252,n2568,1,MAJ
n2252,n2650,1,MAJ
n2252,n2715,1,MAJ
n2252,n2717,1,MAJ
n2252,n2736,1,MAJ
n2252,n2783,1,MAJ
n2252,n2797,1,MAJ
n2252,n2826,1,MAJ
n2252,n2829,1,MAJ
n2252,n2846,1,MAJ
n2252,n2891,1,MAJ
n2252,n2913,1,MAJ
n2252,n2971,1,MAJ
n2252,n3030,1,MAJ
n2252,n3129,1,MAJ
n2252,n3133,1,MAJ
n2252,n3205,1,MAJ
n2252,n3247,1,MAJ
n2252,n3249,1,MAJ
n2252,n3368,1,MAJ
n2252,n3379,1,MAJ
n2252,n3438,1,MAJ
n2252,n3516,1,MAJ
n2252,n3602,1,MAJ
n2252,n3716,1,MAJ
n2252,n3723,1,MAJ
n2252,n3735,1,MAJ
n2252,n3844,1,MAJ
n2252,n4021,1,MAJ
n2252,n4086,1,MAJ
n2252,n4146,1,MAJ
n2252,n4217,1,MAJ
n2252,n4239,1,MAJ
n2252,n4318,1,MAJ
n2252,n4475,1,MAJ
n2252,n4648,1,MAJ
n2255,n2464,1,MAJ
n2255,n3161,1,MAJ
n2255,n3650,1,MAJ
n2255,n3825,1,MAJ
n2255,n4425,1,MAJ
n2274,n2336,1,MAJ
n2274,n2589,1,MAJ
n2274,n2620,1,UNIT
n2274,n2623,1,UNIT
n2274,n2631,1,MAJ
n2274,n2669,2,BOTH
n2274,n2689,1,MAJ
n2274,n2715,1,UNIT
n2274,n2721,1,MAJ
n2274,n2765,1,MAJ
n2274,n2816,1,UNIT
n2274,n2846,1,UNIT
n2274,n2927,1,MAJ
n2274,n2962,1,UNIT
n2274,n2965,2,BOTH
n2274,n3102,1,UNIT
n2274,n3180,1,UNIT
n2274,n3393,1,UNIT
n2274,n3559,1,UNIT
n2274,n3647,1,UNIT
n2274,n3953,1,UNIT
n2274,n4046,1,UNIT
n2274,n4431,1,UNIT
n2274,n4681,1,MAJ
n2275,n2357,1,MAJ
n2275,n2386,1,MAJ
n2275,n2389,1,UNIT
n2275,n2561,1,MAJ
n2275,n2733,1,UNIT
n2275,n2792,1,MAJ
n2275,n2806,1,MAJ
n2275,n2962,1,MAJ
n2275,n3278,1,MAJ
n2275,n3281,1,UNIT
n2275,n3432,1,MAJ
n2275,n3475,1,MAJ
n2275,n3499,1,MAJ
n2275,n3559,1,MAJ
n2275,n3713,2,BOTH
n2278,n2310,1,MAJ
n2278,n2318,1,MAJ
n2278,n2326,1,MAJ
n2278,n2373,1,MAJ
n2278,n2389,1,MAJ
n2278,n2392,1,MAJ
n2278,n2406,1,MAJ
n2278,n2413,1,MAJ
n2278,n2457,1,MAJ
n2278,n2521,1,MAJ
n2278,n2551,1,MAJ
n2278,n2568,1,MAJ
n2278,n2650,1,MAJ
n2278,n2715,1,MAJ
n2278,n2717,1,MAJ
n2278,n2736,1,MAJ
n2278,n2783,1,MAJ
n2278,n2797,1,MAJ
n2278,n2826,2,BOTH
n2278,n2829,1,MAJ
n2278,n2846,1,MAJ
n2278,n2891,1,MAJ
n2278,n2913,1,MAJ
n2278,n2971,1,MAJ
n2278,n3030,1,MAJ
n2278,n3129,1,MAJ
n2278,n3133,1,MAJ
n2278,n3205,1,MAJ
n2278,n3247,1,MAJ
n2278,n3249,1,MAJ
n2278,n3368,1,MAJ
n2278,n3379,1,MAJ
n2278,n3438,1,MAJ
n2278,n3516,1,MAJ
n2278,n3602,1,MAJ
n2278,n3716,1,MAJ
n2278,n3723,1,MAJ
n2278,n3735,1,MAJ
n2278,n3844,1,MAJ
n2278,n4021,1,MAJ
n2278,n4086,1,MAJ
n2278,n4146,1,MAJ
n2278,n4217,1,MAJ
n2278,n4239,1,MAJ
n2278,n4318,1,MAJ
n2278,n4475,1,MAJ
n2278,n4648,1,MAJ
n2300,n2388,1,UNIT
n2300,n2521,1,UNIT
n2300,n2751,1,UNIT
n2300,n2843,1,UNIT
n2300,n2863,1,UNIT
n2300,n3036,1,UNIT
n2300,n3057,1,UNIT
n2300,n3403,1,UNIT
n2300,n3438,1,UNIT
n2300,n3723,1,UNIT
n2300,n4339,1,UNIT
n2310,n2318,1,MAJ
n2310,n2326,1,MAJ
n2310,n2373,1,MAJ
n2310,n2389,1,MAJ
n2310,n2392,1,MAJ
n2310,n2406,1,MAJ
n2310,n2413,1,MAJ
n2310,n2457,1,MAJ
n2310,n2521,1,MAJ
n2310,n2551,1,MAJ
n2310,n2568,1,MAJ
n2310,n2580,1,MAJ
n2310,n2650,1,MAJ
n2310,n2715,1,MAJ
n2310,n2717,1,MAJ
n2310,n2736,1,MAJ
n2310,n2783,1,MAJ
n2310,n2797,1,MAJ
n2310,n2826,1,MAJ
n2310,n2829,1,MAJ
n2310,n2846,1,MAJ
n2310,n2891,1,MAJ
n2310,n2913,1,MAJ
n2310,n2971,1,MAJ
n2310,n3030,1,MAJ
n2310,n3129,1,MAJ
n2310,n3133,1,MAJ
n2310,n3205,1,MAJ
n2310,n3247,1,MAJ
n2310,n3249,1,MAJ
n2310,n3271,1,MAJ
n2310,n3368,1,MAJ
n2310,n3379,1,MAJ
n2310,n3438,1,MAJ
n2310,n3516,1,MAJ
n2310,n3602,1,MAJ
n2310,n3716,1,MAJ
n2310,n3723,1,MAJ
n2310,n3735,1,MAJ
n2310,n3844,1,MAJ
n2310,n4021,1,MAJ
n2310,n4086,1,MAJ
n2310,n4146,1,MAJ
n2310,n4217,1,MAJ
n2310,n4239,1,MAJ
n2310,n4318,1,MAJ
n2310,n4475,1,MAJ
n2310,n4571,1,MAJ
n2310,n4648,1,MAJ
n2311,n2357,1,UNIT
n2311,n2705,1,UNIT
n2312,n2420,1,MAJ
n2312,n2452,1,MAJ
n2312,n2748,1,MAJ
n2312,n2843,1,UNIT
n2312,n3296,1,MAJ
n2312,n3383,1,MAJ
n2312,n3467,1,MAJ
n2312,n3496,1,MAJ
n2312,n3711,1,MAJ
n2312,n3893,1,MAJ
n2312,n4174,1,MAJ
n2318,n2326,1,MAJ
n2318,n2373,1,MAJ
n2318,n2389,1,MAJ
n2318,n2392,1,MAJ
n2318,n2406,1,MAJ
n2318,n2413,1,MAJ
n2318,n2457,1,MAJ
n2318,n2521,1,MAJ
n2318,n2551,1,MAJ
n2318,n2568,1,MAJ
n2318,n2650,1,MAJ
n2318,n2715,1,MAJ
n2318,n2717,1,MAJ
n2318,n2736,1,MAJ
n2318,n2783,1,MAJ
n2318,n2797,1,MAJ
n2318,n2826,1,MAJ
n2318,n2829,1,MAJ
n2318,n2846,1,MAJ
n2318,n2891,1,MAJ
n2318,n2913,1,MAJ
n2318,n2971,1,MAJ
n2318,n3030,1,MAJ
n2318,n3129,1,MAJ
n2318,n3133,1,MAJ
n2318,n3205,1,MAJ
n2318,n3247,1,MAJ
n2318,n3249,1,MAJ
n2318,n3368,1,MAJ
n2318,n3379,1,MAJ
n2318,n3438,1,MAJ
n2318,n3516,1,MAJ
n2318,n3602,1,MAJ
n2318,n3716,1,MAJ
n2318,n3723,1,MAJ
n2318,n3735,1,MAJ
n2318,n3844,1,MAJ
n2318,n4021,1,MAJ
n2318,n4086,1,MAJ
n2318,n4146,1,MAJ
n2318,n4217,1,MAJ
n2318,n4239,1,MAJ
n2318,n4318,1,MAJ
n2318,n4475,1,MAJ
n2318,n4648,1,MAJ
n2326,n2373,1,MAJ
n2326,n2389,1,MAJ
n2326,n2392,1,MAJ
n2326,n2406,1,MAJ
n2326,n2413,1,MAJ
n2326,n2457,1,MAJ
n2326,n2521,1,MAJ
n2326,n2551,1,MAJ
n2326,n2568,1,MAJ
n2326,n2650,1,MAJ
n2326,n2715,1,MAJ
n2326,n2717,1,MAJ
n2326,n2736,1,MAJ
n2326,n2783,1,MAJ
n2326,n2797,1,MAJ
n2326,n2826,1,MAJ
n2326,n2829,1,MAJ
n2326,n2846,1,MAJ
n2326,n2891,1,MAJ
n2326,n2913,1,MAJ
n2326,n2971,1,MAJ
n2326,n3030,1,MAJ
n2326,n3129,1,MAJ
n2326,n3133,1,MAJ
n2326,n3205,1,MAJ
n2326,n3247,1,MAJ
n2326,n3249,1,MAJ
n2326,n3368,1,MAJ
n2326,n3379,1,MAJ
n2326,n3438,1,MAJ
n2326,n3516,1,MAJ
n2326,n3602,1,MAJ
n2326,n3716,1,MAJ
n2326,n3723,1,MAJ
n2326,n3735,1,MAJ
n2326,n3844,1,MAJ
n2326,n4021,1,MAJ
n2326,n4086,1,MAJ
n2326,n4146,1,MAJ
n2326,n4217,1,MAJ
n2326,n4239,1,MAJ
n2326,n4318,1,MAJ
n2326,n4475,1,MAJ
n2326,n4648,1,MAJ
n2327,n2448,1,MAJ
n2327,n2503,1,MAJ
n2327,n2614,1,MAJ
n2327,n2657,1,MAJ
n2327,n2663,1,MAJ
n2327,n2667,1,MAJ
n2327,n2704,1,MAJ
n2327,n2733,1,MAJ
n2327,n2809,1,MAJ
n2327,n2830,1,MAJ
n2327,n2834,1,MAJ
n2327,n3036,1,MAJ
n2327,n3070,1,MAJ
n2327,n3097,1,MAJ
n2327,n3259,1,MAJ
n2327,n3403,1,MAJ
n2327,n3472,1,MAJ
n2327,n3493,1,MAJ
n2327,n3695,1,MAJ
n2327,n3696,1,MAJ
n2327,n3701,1,MAJ
n2327,n3731,1,MAJ
n2327,n3741,1,MAJ
n2327,n3742,1,MAJ
n2327,n3807,1,MAJ
n2327,n3870,1,MAJ
n2327,n3961,1,MAJ
n2327,n4046,1,MAJ
n2327,n4159,1,MAJ
n2327,n4339,1,MAJ
n2327,n4397,1,MAJ
n2327,n4430,1,MAJ
n2327,n4549,1,MAJ
n2336,n2589,1,MAJ
n2336,n2631,1,MAJ
n2336,n2669,1,MAJ
n2336,n2689,1,MAJ
n2336,n2721,1,MAJ
n2336,n2765,1,MAJ
n2336,n2927,1,MAJ
n2336,n2965,1,MAJ
n2336,n4681,1,MAJ
n2357,n2386,1,MAJ
n2357,n2561,1,MAJ
n2357,n2705,1,UNIT
n2357,n2792,1,MAJ
n2357,n2806,1,MAJ
n2357,n2962,1,MAJ
n2357,n3278,1,MAJ
n2357,n3432,1,MAJ
n2357,n3475,1,MAJ
n2357,n3499,1,MAJ
n2357,n3559,1,MAJ
n2357,n3713,1,MAJ
n2358,n3627,1,MAJ
n2358,n3657,1,MAJ
n2358,n4291,1,MAJ
n2365,n2366,1,MAJ
n2365,n2751,1,MAJ
n2365,n2914,1,MAJ
n2365,n3055,1,MAJ
n2365,n3221,1,MAJ
n2365,n3235,1,MAJ
n2365,n3737,1,MAJ
n2365,n3878,1,MAJ
n2365,n4439,1,MAJ
n2366,n2751,1,MAJ
n2366,n2914,1,MAJ
n2366,n3055,1,MAJ
n2366,n3221,1,MAJ
n2366,n3235,1,MAJ
n2366,n3737,1,MAJ
n2366,n3878,1,MAJ
n2366,n4439,1,MAJ
n2370,n2527,1,MAJ
n2370,n2622,1,MAJ
n2370,n2899,1,MAJ
n2370,n3468,1,MAJ
n2370,n3968,1,MAJ
n2370,n3971,1,MAJ
n2370,n3972,1,MAJ
n2370,n4140,1,MAJ
n2370,n4450,1,MAJ
n2373,n2389,1,MAJ
n2373,n2392,1,MAJ
n2373,n2406,1,MAJ
n2373,n2413,1,MAJ
n2373,n2457,1,MAJ
n2373,n2521,1,MAJ
n2373,n2551,1,MAJ
n2373,n2568,1,MAJ
n2373,n2650,1,MAJ
n2373,n2715,1,MAJ
n2373,n2717,1,MAJ
n2373,n2736,1,MAJ
n2373,n2783,1,MAJ
n2373,n2797,1,MAJ
n2373,n2826,1,MAJ
n2373,n2829,1,MAJ
n2373,n2846,1,MAJ
n2373,n2891,1,MAJ
n2373,n2913,1,MAJ
n2373,n2971,1,MAJ
n2373,n3030,1,MAJ
n2373,n3129,1,MAJ
n2373,n3133,1,MAJ
n2373,n3205,1,MAJ
n2373,n3247,1,MAJ
n2373,n3249,1,MAJ
n2373,n3368,1,MAJ
n2373,n3379,1,MAJ
n2373,n3438,1,MAJ
n2373,n3516,1,MAJ
n2373,n3602,1,MAJ
n2373,n3716,1,MAJ
n2373,n3723,1,MAJ
n2373,n3735,1,MAJ
n2373,n3844,1,MAJ
n2373,n4021,1,MAJ
n2373,n4086,1,MAJ
n2373,n4146,1,MAJ
n2373,n4217,1,MAJ
n2373,n4239,1,MAJ
n2373,n4318,1,MAJ
n2373,n4475,1,MAJ
n2373,n4648,1,MAJ
n2386,n2561,1,MAJ
n2386,n2792,1,MAJ
n2386,n2806,1,MAJ
n2386,n2962,1,MAJ
n2386,n3278,1,MAJ
n2386,n3432,1,MAJ
n2386,n3475,1,MAJ
n2386,n3499,1,MAJ
n2386,n3559,1,MAJ
n2386,n3713,1,MAJ
n2388,n2425,1,UNIT
n2388,n2521,1,UNIT
n2388,n2751,1,UNIT
n2388,n2754,1,UNIT
n2388,n2843,1,UNIT
n2388,n2863,1,UNIT
n2388,n3036,1,UNIT
n2388,n3057,1,UNIT
n2388,n3403,1,UNIT
n2388,n3438,1,UNIT
n2388,n3723,1,UNIT
n2388,n4339,1,UNIT
n2389,n2392,1,MAJ
n2389,n2406,1,MAJ
n2389,n2413,1,MAJ
n2389,n2457,1,MAJ
n2389,n2521,1,MAJ
n2389,n2551,1,MAJ
n2389,n2568,1,MAJ
n2389,n2650,1,MAJ
n2389,n2715,1,MAJ
n2389,n2717,1,MAJ
n2389,n2736,1,MAJ
n2389,n2783,1,MAJ
n2389,n2797,1,MAJ
n2389,n2826,1,MAJ
n2389,n2829,1,MAJ
n2389,n2846,1,MAJ
n2389,n2891,1,MAJ
n2389,n2913,1,MAJ
n2389,n2971,1,MAJ
n2389,n3030,1,MAJ
n2389,n3129,1,MAJ
n2389,n3133,1,MAJ
n2389,n3205,1,MAJ
n2389,n3247,1,MAJ
n2389,n3249,1,MAJ
n2389,n3368,1,MAJ
n2389,n3379,1,MAJ
n2389,n3438,1,MAJ
n2389,n3516,1,MAJ
n2389,n3602,1,MAJ
n2389,n3716,1,MAJ
n2389,n3723,1,MAJ
n2389,n3735,1,MAJ
n2389,n3844,1,MAJ
n2389,n4021,1,MAJ
n2389,n4086,1,MAJ
n2389,n4146,1,MAJ
n2389,n4217,1,MAJ
n2389,n4239,1,MAJ
n2389,n4318,1,MAJ
n2389,n4475,1,MAJ
n2389,n4648,1,MAJ
n2392,n2406,1,MAJ
n2392,n2413,1,MAJ
n2392,n2457,1,MAJ
n2392,n2521,1,MAJ
n2392,n2551,1,MAJ
n2392,n2568,1,MAJ
n2392,n2650,1,MAJ
n2392,n2715,1,MAJ
n2392,n2717,1,MAJ
n2392,n2736,1,MAJ
n2392,n2783,1,MAJ
n2392,n2797,1,MAJ
n2392,n2826,1,MAJ
n2392,n2829,1,MAJ
n2392,n2846,1,MAJ
n2392,n2891,1,MAJ
n2392,n2913,1,MAJ
n2392,n2971,1,MAJ
n2392,n3030,1,MAJ
n2392,n3129,1,MAJ
n2392,n3133,1,MAJ
n2392,n3205,1,MAJ
n2392,n3247,1,MAJ
n2392,n3249,1,MAJ
n2392,n3368,1,MAJ
n2392,n3379,1,MAJ
n2392,n3438,1,MAJ
n2392,n3516,1,MAJ
n2392,n3602,1,MAJ
n2392,n3716,1,MAJ
n2392,n3723,1,MAJ
n2392,n3735,1,MAJ
n2392,n3844,1,MAJ
n2392,n4021,1,MAJ
n2392,n4086,1,MAJ
n2392,n4146,1,MAJ
n2392,n4217,1,MAJ
n2392,n4239,1,MAJ
n2392,n4318,1,MAJ
n2392,n4475,1,MAJ
n2392,n4648,1,MAJ
n2395,n2541,1,MAJ
n2395,n2623,1,MAJ
n2395,n3281,1,MAJ
n2395,n3325,1,MAJ
n2395,n3358,1,MAJ
n2406,n2413,1,MAJ
n2406,n2457,1,MAJ
n2406,n2521,1,MAJ
n2406,n2551,1,MAJ
n2406,n2568,1,MAJ
n2406,n2650,1,MAJ
n2406,n2715,1,MAJ
n2406,n2717,1,MAJ
n2406,n2736,1,MAJ
n2406,n2783,1,MAJ
n2406,n2797,1,MAJ
n2406,n2826,1,MAJ
n2406,n2829,1,MAJ
n2406,n2846,1,MAJ
n2406,n2891,1,MAJ
n2406,n2913,1,MAJ
n2406,n2971,1,MAJ
n2406,n3030,1,MAJ
n2406,n3129,1,MAJ
n2406,n3133,1,MAJ
n2406,n3205,1,MAJ
n2406,n3247,1,MAJ
n2406,n3249,1,MAJ
n2406,n3368,1,MAJ
n2406,n3379,1,MAJ
n2406,n3438,1,MAJ
n2406,n3516,1,MAJ
n2406,n3602,1,MAJ
n2406,n3716,1,MAJ
n2406,n3723,1,MAJ
n2406,n3735,1,MAJ
n2406,n3844,1,MAJ
n2406,n4021,1,MAJ
n2406,n4086,1,MAJ
n2406,n4146,1,MAJ
n2406,n4217,1,MAJ
n2406,n4239,1,MAJ
n2406,n4318,1,MAJ
n2406,n4475,1,MAJ
n2406,n4648,1,MAJ
n2408,n3038,1,MAJ
n2408,n3508,1,MAJ
n2413,n2457,1,MAJ
n2413,n2521,1,MAJ
n2413,n2551,1,MAJ
n2413,n2568,1,MAJ
n2413,n2650,1,MAJ
n2413,n2715,1,MAJ
n2413,n2717,1,MAJ
n2413,n2736,1,MAJ
n2413,n2783,1,MAJ
n2413,n2797,1,MAJ
n2413,n2826,1,MAJ
n2413,n2829,1,MAJ
n2413,n2846,1,MAJ
n2413,n2891,1,MAJ
n2413,n2913,1,MAJ
n2413,n2971,1,MAJ
n2413,n3030,1,MAJ
n2413,n3129,1,MAJ
n2413,n3133,1,MAJ
n2413,n3205,1,MAJ
n2413,n3247,1,MAJ
n2413,n3249,1,MAJ
n2413,n3368,1,MAJ
n2413,n3379,1,MAJ
n2413,n3438,1,MAJ
n2413,n3516,1,MAJ
n2413,n3602,1,MAJ
n2413,n3716,1,MAJ
n2413,n3723,1,MAJ
n2413,n3735,1,MAJ
n2413,n3844,1,MAJ
n2413,n4021,1,MAJ
n2413,n4086,1,MAJ
n2413,n4146,1,MAJ
n2413,n4217,1,MAJ
n2413,n4239,1,MAJ
n2413,n4318,1,MAJ
n2413,n4475,1,MAJ
n2413,n4648,1,MAJ
n2420,n2452,1,MAJ
n2420,n2748,1,MAJ
n2420,n3296,1,MAJ
n2420,n3383,1,MAJ
n2420,n3467,1,MAJ
n2420,n3496,1,MAJ
n2420,n3711,1,MAJ
n2420,n3893,1,MAJ
n2420,n4174,1,MAJ
n2425,n2495,1,MAJ
n2425,n2610,1,MAJ
n2425,n2751,1,UNIT
n2425,n2754,1,UNIT
n2425,n2863,1,MAJ
n2425,n2951,1,MAJ
n2425,n3039,1,MAJ
n2425,n3390,1,UNIT
n2425,n3421,1,MAJ
n2425,n3477,1,MAJ
n2425,n3488,1,MAJ
n2425,n3571,1,MAJ
n2425,n3575,1,MAJ
n2425,n4588,1,MAJ
n2440,n2480,1,MAJ
n2440,n2502,1,MAJ
n2440,n2547,1,MAJ
n2440,n2794,1,MAJ
n2440,n2913,1,MAJ
n2440,n2971,1,MAJ
n2440,n3180,1,MAJ
n2440,n3393,1,MAJ
n2440,n3421,1,MAJ
n2440,n3516,1,MAJ
n2440,n3647,1,MAJ
n2440,n3904,1,MAJ
n2440,n3953,1,MAJ
n2440,n4640,1,MAJ
n2443,n2786,1,MAJ
n2443,n2843,1,MAJ
n2443,n3364,1,MAJ
n2443,n3457,1,MAJ
n2443,n3996,1,MAJ
n2443,n4233,1,MAJ
n2443,n4681,1,MAJ
n2448,n2503,1,MAJ
n2448,n2614,1,MAJ
n2448,n2657,1,MAJ
n2448,n2663,1,MAJ
n2448,n2667,1,MAJ
n2448,n2704,1,MAJ
n2448,n2733,1,MAJ
n2448,n2809,1,MAJ
n2448,n2830,1,MAJ
n2448,n2834,1,MAJ
n2448,n3036,1,MAJ
n2448,n3070,1,MAJ
n2448,n3097,1,MAJ
n2448,n3259,1,MAJ
n2448,n3403,1,MAJ
n2448,n3472,1,MAJ
n2448,n3493,1,MAJ
n2448,n3695,1,MAJ
n2448,n3696,1,MAJ
n2448,n3701,1,MAJ
n2448,n3731,1,MAJ
n2448,n3741,1,MAJ
n2448,n3742,1,MAJ
n2448,n3807,1,MAJ
n2448,n3870,1,MAJ
n2448,n3961,1,MAJ
n2448,n4046,1,MAJ
n2448,n4159,1,MAJ
n2448,n4339,1,MAJ
n2448,n4397,1,MAJ
n2448,n4430,1,MAJ
n2448,n4549,1,MAJ
n2452,n2748,1,MAJ
n2452,n3296,1,MAJ
n2452,n3383,1,MAJ
n2452,n3467,1,MAJ
n2452,n3496,1,MAJ
n2452,n3711,1,MAJ
n2452,n3893,1,MAJ
n2452,n4174,1,MAJ
n2457,n2521,1,MAJ
n2457,n2551,1,MAJ
n2457,n2568,1,MAJ
n2457,n2650,1,MAJ
n2457,n2715,1,MAJ
n2457,n2717,1,MAJ
n2457,n2736,1,MAJ
n2457,n2783,1,MAJ
n2457,n2797,1,MAJ
n2457,n2826,1,MAJ
n2457,n2829,1,MAJ
n2457,n2846,1,MAJ
n2457,n2891,1,MAJ
n2457,n2913,1,MAJ
n2457,n2971,1,MAJ
n2457,n3030,1,MAJ
n2457,n3129,1,MAJ
n2457,n3133,1,MAJ
n2457,n3205,1,MAJ
n2457,n3247,1,MAJ
n2457,n3249,1,MAJ
n2457,n3368,1,MAJ
n2457,n3379,1,MAJ
n2457,n3438,1,MAJ
n2457,n3516,1,MAJ
n2457,n3602,1,MAJ
n2457,n3716,1,MAJ
n2457,n3723,1,MAJ
n2457,n3735,1,MAJ
n2457,n3844,1,MAJ
n2457,n4021,1,MAJ
n2457,n4086,1,MAJ
n2457,n4146,1,MAJ
n2457,n4217,1,MAJ
n2457,n4239,1,MAJ
n2457,n4318,1,MAJ
n2457,n4475,1,MAJ
n2457,n4648,1,MAJ
n2460,n2620,1,MAJ
n2460,n2705,1,MAJ
n2460,n2717,1,MAJ
n2460,n2816,1,MAJ
n2460,n2843,1,MAJ
n2460,n2948,1,MAJ
n2460,n3247,1,MAJ
n2460,n3349,1,MAJ
n2460,n3364,1,MAJ
n2460,n3457,1,MAJ
n2460,n3478,1,MAJ
n2460,n3575,1,MAJ
n2460,n3930,1,MAJ
n2460,n4086,1,MAJ
n2460,n4105,1,MAJ
n2460,n4681,1,MAJ
n2462,n2544,1,MAJ
n2462,n2548,1,MAJ
n2462,n2590,1,MAJ
n2462,n2803,1,MAJ
n2462,n3291,1,MAJ
n2462,n3447,1,MAJ
n2462,n3450,1,MAJ
n2462,n3498,1,MAJ
n2462,n3669,1,MAJ
n2462,n3838,1,MAJ
n2464,n3161,1,MAJ
n2464,n3650,1,MAJ
n2464,n3825,1,MAJ
n2464,n4425,1,MAJ
n2472,n2580,1,MAJ
n2472,n4237,1,MAJ
n2480,n2502,1,MAJ
n2480,n2547,1,MAJ
n2480,n2794,1,MAJ
n2480,n2913,1,MAJ
n2480,n2971,1,MAJ
n2480,n3180,1,MAJ
n2480,n3393,1,MAJ
n2480,n3421,1,MAJ
n2480,n3516,1,MAJ
n2480,n3647,1,MAJ
n2480,n3904,1,MAJ
n2480,n3953,1,MAJ
n2480,n4640,1,MAJ
n2495,n2610,1,MAJ
n2495,n2863,1,MAJ
n2495,n2951,1,MAJ
n2495,n3039,1,MAJ
n2495,n3421,1,MAJ
n2495,n3477,1,MAJ
n2495,n3488,1,MAJ
n2495,n3571,1,MAJ
n2495,n3575,1,MAJ
n2495,n4588,1,MAJ
n2502,n2547,1,MAJ
n2502,n2794,1,MAJ
n2502,n2891,1,UNIT
n2502,n2913,1,MAJ
n2502,n2971,1,MAJ
n2502,n3180,1,MAJ
n2502,n3393,1,MAJ
n2502,n3421,1,MAJ
n2502,n3516,1,MAJ
n2502,n3647,1,MAJ
n2502,n3904,1,MAJ
n2502,n3953,1,MAJ
n2502,n4640,1,MAJ
n2503,n2614,1,MAJ
n2503,n2657,1,MAJ
n2503,n2663,1,MAJ
n2503,n2667,1,MAJ
n2503,n2704,1,MAJ
n2503,n2733,1,MAJ
n2503,n2809,1,MAJ
n2503,n2830,1,MAJ
n2503,n2834,1,MAJ
n2503,n3036,1,MAJ
n2503,n3070,1,MAJ
n2503,n3097,1,MAJ
n2503,n3259,1,MAJ
n2503,n3403,1,MAJ
n2503,n3472,1,MAJ
n2503,n3493,1,MAJ
n2503,n3695,1,MAJ
n2503,n3696,1,MAJ
n2503,n3701,1,MAJ
n2503,n3731,1,MAJ
n2503,n3741,1,MAJ
n2503,n3742,1,MAJ
n2503,n3807,1,MAJ
n2503,n3870,1,MAJ
n2503,n3961,1,MAJ
n2503,n4046,1,MAJ
n2503,n4159,1,MAJ
n2503,n4339,1,MAJ
n2503,n4397,1,MAJ
n2503,n4430,1,MAJ
n2503,n4549,1,MAJ
n2521,n2551,1,MAJ
n2521,n2568,1,MAJ
n2521,n2650,1,MAJ
n2521,n2715,1,MAJ
n2521,n2717,1,MAJ
n2521,n2736,1,MAJ
n2521,n2751,1,UNIT
n2521,n2783,1,MAJ
n2521,n2797,1,MAJ
n2521,n2826,1,MAJ
n2521,n2829,1,MAJ
n2521,n2843,1,UNIT
n2521,n2846,1,MAJ
n2521,n2863,1,UNIT
n2521,n2891,1,MAJ
n2521,n2913,1,MAJ
n2521,n2971,1,MAJ
n2521,n3030,1,MAJ
n2521,n3036,1,UNIT
n2521,n3057,1,UNIT
n2521,n3129,1,MAJ
n2521,n3133,1,MAJ
n2521,n3205,1,MAJ
n2521,n3247,1,MAJ
n2521,n3249,1,MAJ
n2521,n3368,1,MAJ
n2521,n3379,1,MAJ
n2521,n3403,1,UNIT
n2521,n3438,2,BOTH
n2521,n3516,1,MAJ
n2521,n3602,1,MAJ
n2521,n3716,1,MAJ
n2521,n3723,2,BOTH
n2521,n3735,1,MAJ
n2521,n3844,1,MAJ
n2521,n4021,1,MAJ
n2521,n4086,1,MAJ
n2521,n4146,1,MAJ
n2521,n4217,1,MAJ
n2521,n4239,1,MAJ
n2521,n4318,1,MAJ
n2521,n4339,1,UNIT
n2521,n4475,1,MAJ
n2521,n4648,1,MAJ
n2527,n2622,1,MAJ
n2527,n2899,1,MAJ
n2527,n3468,1,MAJ
n2527,n3968,1,MAJ
n2527,n3971,1,MAJ
n2527,n3972,1,MAJ
n2527,n4140,1,MAJ
n2527,n4450,1,MAJ
n2529,n2597,1,MAJ
n2529,n2731,1,MAJ
n2529,n2754,1,MAJ
n2529,n2957,1,MAJ
n2529,n3027,1,MAJ
n2529,n3327,1,MAJ
n2529,n3335,1,MAJ
n2529,n3501,1,MAJ
n2529,n3725,1,MAJ
n2529,n3732,1,MAJ
n2529,n3733,1,MAJ
n2529,n4419,1,MAJ
n2529,n4603,1,MAJ
n2541,n2623,1,MAJ
n2541,n3281,1,MAJ
n2541,n3325,1,MAJ
n2541,n3358,1,MAJ
n2544,n2548,1,MAJ
n2544,n2590,1,MAJ
n2544,n2803,1,MAJ
n2544,n3291,1,MAJ
n2544,n3447,1,MAJ
n2544,n3450,1,MAJ
n2544,n3498,1,MAJ
n2544,n3669,1,MAJ
n2544,n3838,1,MAJ
n2547,n2794,1,MAJ
n2547,n2913,1,MAJ
n2547,n2971,1,MAJ
n2547,n3180,1,MAJ
n2547,n3393,1,MAJ
n2547,n3421,1,MAJ
n2547,n3516,1,MAJ
n2547,n3647,1,MAJ
n2547,n3904,1,MAJ
n2547,n3953,1,MAJ
n2547,n4640,1,MAJ
n2548,n2590,1,MAJ
n2548,n2803,1,MAJ
n2548,n3291,1,MAJ
n2548,n3447,1,MAJ
n2548,n3450,1,MAJ
n2548,n3498,1,MAJ
n2548,n3669,1,MAJ
n2548,n3838,1,MAJ
n2551,n2568,1,MAJ
n2551,n2650,1,MAJ
n2551,n2715,1,MAJ
n2551,n2717,1,MAJ
n2551,n2736,1,MAJ
n2551,n2783,1,MAJ
n2551,n2797,1,MAJ
n2551,n2826,1,MAJ
n2551,n2829,1,MAJ
n2551,n2846,1,MAJ
n2551,n2891,1,MAJ
n2551,n2913,1,MAJ
n2551,n2971,1,MAJ
n2551,n3030,1,MAJ
n2551,n3129,1,MAJ
n2551,n3133,1,MAJ
n2551,n3205,1,MAJ
n2551,n3247,1,MAJ
n2551,n3249,1,MAJ
n2551,n3368,1,MAJ
n2551,n3379,1,MAJ
n2551,n3438,1,MAJ
n2551,n3516,1,MAJ
n2551,n3602,1,MAJ
n2551,n3716,1,MAJ
n2551,n3723,1,MAJ
n2551,n3735,1,MAJ
n2551,n3844,1,MAJ
n2551,n4021,1,MAJ
n2551,n4086,1,MAJ
n2551,n4146,1,MAJ
n2551,n4217,1,MAJ
n2551,n4239,1,MAJ
n2551,n4318,1,MAJ
n2551,n4475,1,MAJ
n2551,n4648,1,MAJ
n2552,n2583,1,UNIT
n2561,n2568,1,UNIT
n2561,n2792,1,MAJ
n2561,n2806,1,MAJ
n2561,n2891,1,UNIT
n2561,n2927,1,UNIT
n2561,n2962,1,MAJ
n2561,n3278,1,MAJ
n2561,n3379,1,UNIT
n2561,n3432,1,MAJ
n2561,n3475,1,MAJ
n2561,n3499,1,MAJ
n2561,n3559,1,MAJ
n2561,n3713,1,MAJ
n2561,n3893,1,UNIT
n2561,n4095,1,UNIT
n2561,n4159,1,UNIT
n2561,n4318,1,UNIT
n2568,n2650,1,MAJ
n2568,n2715,1,MAJ
n2568,n2717,1,MAJ
n2568,n2736,1,MAJ
n2568,n2783,1,MAJ
n2568,n2797,1,MAJ
n2568,n2826,1,MAJ
n2568,n2829,1,MAJ
n2568,n2846,1,MAJ
n2568,n2891,2,BOTH
n2568,n2913,1,MAJ
n2568,n2927,1,UNIT
n2568,n2971,1,MAJ
n2568,n3030,1,MAJ
n2568,n3129,1,MAJ
n2568,n3133,1,MAJ
n2568,n3205,1,MAJ
n2568,n3247,1,MAJ
n2568,n3249,1,MAJ
n2568,n3368,1,MAJ
n2568,n3379,2,BOTH
n2568,n3438,1,MAJ
n2568,n3516,1,MAJ
n2568,n3602,1,MAJ
n2568,n3716,1,MAJ
n2568,n3723,1,MAJ
n2568,n3735,1,MAJ
n2568,n3844,1,MAJ
n2568,n3893,1,UNIT
n2568,n4021,1,MAJ
n2568,n4086,1,MAJ
n2568,n4095,1,UNIT
n2568,n4146,1,MAJ
n2568,n4159,1,UNIT
n2568,n4217,1,MAJ
n2568,n4239,1,MAJ
n2568,n4318,2,BOTH
n2568,n4475,1,MAJ
n2568,n4648,1,MAJ
n2580,n3271,1,MAJ
n2580,n4237,1,MAJ
n2580,n4571,1,MAJ
n2589,n2631,1,MAJ
n2589,n2669,1,MAJ
n2589,n2689,1,MAJ
n2589,n2721,1,MAJ
n2589,n2765,1,MAJ
n2589,n2927,1,MAJ
n2589,n2965,1,MAJ
n2589,n4681,1,MAJ
n2590,n2803,1,MAJ
n2590,n3291,1,MAJ
n2590,n3447,1,MAJ
n2590,n3450,1,MAJ
n2590,n3498,1,MAJ
n2590,n3669,1,MAJ
n2590,n3838,1,MAJ
n2597,n2731,1,MAJ
n2597,n2754,1,MAJ
n2597,n2957,1,MAJ
n2597,n3027,1,MAJ
n2597,n3327,1,MAJ
n2597,n3335,1,MAJ
n2597,n3501,1,MAJ
n2597,n3725,1,MAJ
n2597,n3732,1,MAJ
n2597,n3733,1,MAJ
n2597,n4419,1,MAJ
n2597,n4603,1,MAJ
n2610,n2863,1,MAJ
n2610,n2951,1,MAJ
n2610,n3039,1,MAJ
n2610,n3421,1,MAJ
n2610,n3477,1,MAJ
n2610,n3488,1,MAJ
n2610,n3571,1,MAJ
n2610,n3575,1,MAJ
n2610,n4588,1,MAJ
n2614,n2657,1,MAJ
n2614,n2663,1,MAJ
n2614,n2667,1,MAJ
n2614,n2704,1,MAJ
n2614,n2733,1,MAJ
n2614,n2809,1,MAJ
n2614,n2830,1,MAJ
n2614,n2834,1,MAJ
n2614,n3036,1,MAJ
n2614,n3070,1,MAJ
n2614,n3097,1,MAJ
n2614,n3259,1,MAJ
n2614,n3403,1,MAJ
n2614,n3472,1,MAJ
n2614,n3493,1,MAJ
n2614,n3695,1,MAJ
n2614,n3696,1,MAJ
n2614,n3701,1,MAJ
n2614,n3731,1,MAJ
n2614,n3741,1,MAJ
n2614,n3742,1,MAJ
n2614,n3807,1,MAJ
n2614,n3870,1,MAJ
n2614,n3961,1,MAJ
n2614,n4046,1,MAJ
n2614,n4159,1,MAJ
n2614,n4339,1,MAJ
n2614,n4397,2,BOTH
n2614,n4430,1,MAJ
n2614,n4549,1,MAJ
n2620,n2623,1,UNIT
n2620,n2669,1,UNIT
n2620,n2705,1,MAJ
n2620,n2715,1,UNIT
n2620,n2816,2,BOTH
n2620,n2843,1,MAJ
n2620,n2846,1,UNIT
n2620,n2948,1,MAJ
n2620,n2962,1,UNIT
n2620,n2965,1,UNIT
n2620,n3102,1,UNIT
n2620,n3180,1,UNIT
n2620,n3349,1,MAJ
n2620,n3364,1,MAJ
n2620,n3393,1,UNIT
n2620,n3457,1,MAJ
n2620,n3559,1,UNIT
n2620,n3647,1,UNIT
n2620,n3930,1,MAJ
n2620,n3953,1,UNIT
n2620,n4046,1,UNIT
n2620,n4105,1,MAJ
n2620,n4419,1,MAJ
n2620,n4431,1,UNIT
n2620,n4681,1,MAJ
n2622,n2899,1,MAJ
n2622,n3468,1,MAJ
n2622,n3968,1,MAJ
n2622,n3971,1,MAJ
n2622,n3972,1,MAJ
n2622,n4140,1,MAJ
n2622,n4450,1,MAJ
n2623,n2669,1,UNIT
n2623,n2715,1,UNIT
n2623,n2816,1,UNIT
n2623,n2846,1,UNIT
n2623,n2962,1,UNIT
n2623,n2965,1,UNIT
n2623,n3102,1,UNIT
n2623,n3180,1,UNIT
n2623,n3281,1,MAJ
n2623,n3325,1,MAJ
n2623,n3358,1,MAJ
n2623,n3393,1,UNIT
n2623,n3559,1,UNIT
n2623,n3647,1,UNIT
n2623,n3953,1,UNIT
n2623,n4046,1,UNIT
n2623,n4431,1,UNIT
n2629,n3243,1,MAJ
n2629,n3321,1,MAJ
n2629,n3579,1,MAJ
n2631,n2669,1,MAJ
n2631,n2689,1,MAJ
n2631,n2721,1,MAJ
n2631,n2765,1,MAJ
n2631,n2927,1,MAJ
n2631,n2965,1,MAJ
n2631,n4681,1,MAJ
n2650,n2715,1,MAJ
n2650,n2717,1,MAJ
n2650,n2736,1,MAJ
n2650,n2783,1,MAJ
n2650,n2797,1,MAJ
n2650,n2826,1,MAJ
n2650,n2829,1,MAJ
n2650,n2846,1,MAJ
n2650,n2891,1,MAJ
n2650,n2913,1,MAJ
n2650,n2971,1,MAJ
n2650,n3030,1,MAJ
n2650,n3129,1,MAJ
n2650,n3133,1,MAJ
n2650,n3205,1,MAJ
n2650,n3247,1,MAJ
n2650,n3249,1,MAJ
n2650,n3368,1,MAJ
n2650,n3379,1,MAJ
n2650,n3438,1,MAJ
n2650,n3516,1,MAJ
n2650,n3602,1,MAJ
n2650,n3716,1,MAJ
n2650,n3723,1,MAJ
n2650,n3735,1,MAJ
n2650,n3844,1,MAJ
n2650,n4021,1,MAJ
n2650,n4086,1,MAJ
n2650,n4146,1,MAJ
n2650,n4217,1,MAJ
n2650,n4239,1,MAJ
n2650,n4318,1,MAJ
n2650,n4475,1,MAJ
n2650,n4648,1,MAJ
n2657,n2663,1,MAJ
n2657,n2667,1,MAJ
n2657,n2704,1,MAJ
n2657,n2733,1,MAJ
n2657,n2809,1,MAJ
n2657,n2830,1,MAJ
n2657,n2834,1,MAJ
n2657,n3036,1,MAJ
n2657,n3070,1,MAJ
n2657,n3097,1,MAJ
n2657,n3259,1,MAJ
n2657,n3403,1,MAJ
n2657,n3472,1,MAJ
n2657,n3493,1,MAJ
n2657,n3695,1,MAJ
n2657,n3696,1,MAJ
n2657,n3701,1,MAJ
n2657,n3731,1,MAJ
n2657,n3741,1,MAJ
n2657,n3742,1,MAJ
n2657,n3807,1,MAJ
n2657,n3870,1,MAJ
n2657,n3961,1,MAJ
n2657,n4046,1,MAJ
n2657,n4159,1,MAJ
n2657,n4339,1,MAJ
n2657,n4397,1,MAJ
n2657,n4430,1,MAJ
n2657,n4549,1,MAJ
n2663,n2667,1,MAJ
n2663,n2704,1,MAJ
n2663,n2733,1,MAJ
n2663,n2809,1,MAJ
n2663,n2830,1,MAJ
n2663,n2834,1,MAJ
n2663,n3036,1,MAJ
n2663,n3070,1,MAJ
n2663,n3097,1,MAJ
n2663,n3259,1,MAJ
n2663,n3403,1,MAJ
n2663,n3472,1,MAJ
n2663,n3493,1,MAJ
n2663,n3695,1,MAJ
n2663,n3696,1,MAJ
n2663,n3701,1,MAJ
n2663,n3731,1,MAJ
n2663,n3741,1,MAJ
n2663,n3742,1,MAJ
n2663,n3807,1,MAJ
n2663,n3870,1,MAJ
n2663,n3961,1,MAJ
n2663,n4046,1,MAJ
n2663,n4159,1,MAJ
n2663,n4339,1,MAJ
n2663,n4397,1,MAJ
n2663,n4430,1,MAJ
n2663,n4549,1,MAJ
n2667,n2704,1,MAJ
n2667,n2733,1,MAJ
n2667,n2809,1,MAJ
n2667,n2830,1,MAJ
n2667,n2834,1,MAJ
n2667,n3036,1,MAJ
n2667,n3070,1,MAJ
n2667,n3097,1,MAJ
n2667,n3259,1,MAJ
n2667,n3403,1,MAJ
n2667,n3472,1,MAJ
n2667,n3493,1,MAJ
n2667,n3695,1,MAJ
n2667,n3696,1,MAJ
n2667,n3701,1,MAJ
n2667,n3731,1,MAJ
n2667,n3741,1,MAJ
n2667,n3742,1,MAJ
n2667,n3807,1,MAJ
n2667,n3870,1,MAJ
n2667,n3961,1,MAJ
n2667,n4046,1,MAJ
n2667,n4159,1,MAJ
n2667,n4339,1,MAJ
n2667,n4397,1,MAJ
n2667,n4430,1,MAJ
n2667,n4549,1,MAJ
n2669,n2689,1,MAJ
n2669,n2715,1,UNIT
n2669,n2721,1,MAJ
n2669,n2765,1,MAJ
n2669,n2816,1,UNIT
n2669,n2846,1,UNIT
n2669,n2927,1,MAJ
n2669,n2962,1,UNIT
n2669,n2965,2,BOTH
n2669,n3102,1,UNIT
n2669,n3180,1,UNIT
n2669,n3393,1,UNIT
n2669,n3559,1,UNIT
n2669,n3647,1,UNIT
n2669,n3953,1,UNIT
n2669,n4046,1,UNIT
n2669,n4431,1,UNIT
n2669,n4681,1,MAJ
n2689,n2721,1,MAJ
n2689,n2765,1,MAJ
n2689,n2927,1,MAJ
n2689,n2965,1,MAJ
n2689,n4681,1,MAJ
n2704,n2733,1,MAJ
n2704,n2809,1,MAJ
n2704,n2830,1,MAJ
n2704,n2834,1,MAJ
n2704,n3036,1,MAJ
n2704,n3070,1,MAJ
n2704,n3097,1,MAJ
n2704,n3259,1,MAJ
n2704,n3403,1,MAJ
n2704,n3472,1,MAJ
n2704,n3493,1,MAJ
n2704,n3695,1,MAJ
n2704,n3696,1,MAJ
n2704,n3701,1,MAJ
n2704,n3731,1,MAJ
n2704,n3741,1,MAJ
n2704,n3742,1,MAJ
n2704,n3807,1,MAJ
n2704,n3870,1,MAJ
n2704,n3961,1,MAJ
n2704,n4046,1,MAJ
n2704,n4159,1,MAJ
n2704,n4339,1,MAJ
n2704,n4397,1,MAJ
n2704,n4430,1,MAJ
n2704,n4549,1,MAJ
n2705,n2816,1,MAJ
n2705,n2843,1,MAJ
n2705,n2948,1,MAJ
n2705,n3349,1,MAJ
n2705,n3364,1,MAJ
n2705,n3457,1,MAJ
n2705,n3930,1,MAJ
n2705,n4105,1,MAJ
n2705,n4681,1,MAJ
n2715,n2717,1,MAJ
n2715,n2736,1,MAJ
n2715,n2783,1,MAJ
n2715,n2797,1,MAJ
n2715,n2816,1,UNIT
n2715,n2826,1,MAJ
n2715,n2829,1,MAJ
n2715,n2846,2,BOTH
n2715,n2891,1,MAJ
n2715,n2913,1,MAJ
n2715,n2962,1,UNIT
n2715,n2965,1,UNIT
n2715,n2971,1,MAJ
n2715,n3030,1,MAJ
n2715,n3102,1,UNIT
n2715,n3129,1,MAJ
n2715,n3133,1,MAJ
n2715,n3180,1,UNIT
n2715,n3205,1,MAJ
n2715,n3247,1,MAJ
n2715,n3249,1,MAJ
n2715,n3368,1,MAJ
n2715,n3379,1,MAJ
n2715,n3393,1,UNIT
n2715,n3438,1,MAJ
n2715,n3516,1,MAJ
n2715,n3559,1,UNIT
n2715,n3602,1,MAJ
n2715,n3647,1,UNIT
n2715,n3716,1,MAJ
n2715,n3723,1,MAJ
n2715,n3735,1,MAJ
n2715,n3844,1,MAJ
n2715,n3953,1,UNIT
n2715,n4021,1,MAJ
n2715,n4046,1,UNIT
n2715,n4086,1,MAJ
n2715,n4146,1,MAJ
n2715,n4217,1,MAJ
n2715,n4239,1,MAJ
n2715,n4318,1,MAJ
n2715,n4431,1,UNIT
n2715,n4475,1,MAJ
n2715,n4648,1,MAJ
n2717,n2736,1,MAJ
n2717,n2783,1,MAJ
n2717,n2797,1,MAJ
n2717,n2826,1,MAJ
n2717,n2829,1,MAJ
n2717,n2846,1,MAJ
n2717,n2891,1,MAJ
n2717,n2913,1,MAJ
n2717,n2971,1,MAJ
n2717,n3030,1,MAJ
n2717,n3129,1,MAJ
n2717,n3133,1,MAJ
n2717,n3205,1,MAJ
n2717,n3247,1,MAJ
n2717,n3249,1,MAJ
n2717,n3368,1,MAJ
n2717,n3379,1,MAJ
n2717,n3438,1,MAJ
n2717,n3478,1,MAJ
n2717,n3516,1,MAJ
n2717,n3575,1,MAJ
n2717,n3602,1,MAJ
n2717,n3716,1,MAJ
n2717,n3723,1,MAJ
n2717,n3735,1,MAJ
n2717,n3844,1,MAJ
n2717,n4021,1,MAJ
n2717,n4086,1,MAJ
n2717,n4146,1,MAJ
n2717,n4217,1,MAJ
n2717,n4239,1,MAJ
n2717,n4318,1,MAJ
n2717,n4475,1,MAJ
n2717,n4648,1,MAJ
n2721,n2765,1,MAJ
n2721,n2927,1,MAJ
n2721,n2965,1,MAJ
n2721,n4681,1,MAJ
n2729,n3923,1,MAJ
n2729,n4334,1,MAJ
n2731,n2754,1,MAJ
n2731,n2957,1,MAJ
n2731,n3027,1,MAJ
n2731,n3327,1,MAJ
n2731,n3335,1,MAJ
n2731,n3501,1,MAJ
n2731,n3725,1,MAJ
n2731,n3732,1,MAJ
n2731,n3733,1,MAJ
n2731,n4419,1,MAJ
n2731,n4603,1,MAJ
n2733,n2809,1,MAJ
n2733,n2830,1,MAJ
n2733,n2834,1,MAJ
n2733,n3036,1,MAJ
n2733,n3070,1,MAJ
n2733,n3097,1,MAJ
n2733,n3259,1,MAJ
n2733,n3281,1,UNIT
n2733,n3403,1,MAJ
n2733,n3472,1,MAJ
n2733,n3493,1,MAJ
n2733,n3695,1,MAJ
n2733,n3696,1,MAJ
n2733,n3701,1,MAJ
n2733,n3713,1,UNIT
n2733,n3731,1,MAJ
n2733,n3741,1,MAJ
n2733,n3742,1,MAJ
n2733,n3807,1,MAJ
n2733,n3870,1,MAJ
n2733,n3961,1,MAJ
n2733,n4046,1,MAJ
n2733,n4159,1,MAJ
n2733,n4339,1,MAJ
n2733,n4397,1,MAJ
n2733,n4430,1,MAJ
n2733,n4549,1,MAJ
n2736,n2783,1,MAJ
n2736,n2797,1,MAJ
n2736,n2826,1,MAJ
n2736,n2829,1,MAJ
n2736,n2846,1,MAJ
n2736,n2891,1,MAJ
n2736,n2913,1,MAJ
n2736,n2971,1,MAJ
n2736,n3030,1,MAJ
n2736,n3129,1,MAJ
n2736,n3133,1,MAJ
n2736,n3205,1,MAJ
n2736,n3247,1,MAJ
n2736,n3249,1,MAJ
n2736,n3368,1,MAJ
n2736,n3379,1,MAJ
n2736,n3438,1,MAJ
n2736,n3516,1,MAJ
n2736,n3602,1,MAJ
n2736,n3716,1,MAJ
n2736,n3723,1,MAJ
n2736,n3735,1,MAJ
n2736,n3844,1,MAJ
n2736,n4021,1,MAJ
n2736,n4086,1,MAJ
n2736,n4146,1,MAJ
n2736,n4217,1,MAJ
n2736,n4239,1,MAJ
n2736,n4318,1,MAJ
n2736,n4475,1,MAJ
n2736,n4648,1,MAJ
n2748,n3296,1,MAJ
n2748,n3383,1,MAJ
n2748,n3467,1,MAJ
n2748,n3496,1,MAJ
n2748,n3711,1,MAJ
n2748,n3893,1,MAJ
n2748,n4174,1,MAJ
n2751,n2754,1,UNIT
n2751,n2843,1,UNIT
n2751,n2863,1,UNIT
n2751,n2914,1,MAJ
n2751,n3036,1,UNIT
n2751,n3055,1,MAJ
n2751,n3057,1,UNIT
n2751,n3221,1,MAJ
n2751,n3235,1,MAJ
n2751,n3403,1,UNIT
n2751,n3438,1,UNIT
n2751,n3723,1,UNIT
n2751,n3737,1,MAJ
n2751,n3878,1,MAJ
n2751,n4339,1,UNIT
n2751,n4439,1,MAJ
n2754,n2957,1,MAJ
n2754,n3027,1,MAJ
n2754,n3327,1,MAJ
n2754,n3335,1,MAJ
n2754,n3501,1,MAJ
n2754,n3725,1,MAJ
n2754,n3732,1,MAJ
n2754,n3733,1,MAJ
n2754,n4419,1,MAJ
n2754,n4603,1,MAJ
n2765,n2927,1,MAJ
n2765,n2965,1,MAJ
n2765,n4681,1,MAJ
n2783,n2797,1,MAJ
n2783,n2826,1,MAJ
n2783,n2829,1,MAJ
n2783,n2846,1,MAJ
n2783,n2891,1,MAJ
n2783,n2913,1,MAJ
n2783,n2971,1,MAJ
n2783,n3030,1,MAJ
n2783,n3129,1,MAJ
n2783,n3133,1,MAJ
n2783,n3205,1,MAJ
n2783,n3247,1,MAJ
n2783,n3249,1,MAJ
n2783,n3368,1,MAJ
n2783,n3379,1,MAJ
n2783,n3438,1,MAJ
n2783,n3516,1,MAJ
n2783,n3602,1,MAJ
n2783,n3716,1,MAJ
n2783,n3723,1,MAJ
n2783,n3735,1,MAJ
n2783,n3844,1,MAJ
n2783,n4021,1,MAJ
n2783,n4086,1,MAJ
n2783,n4146,1,MAJ
n2783,n4217,1,MAJ
n2783,n4239,1,MAJ
n2783,n4318,1,MAJ
n2783,n4475,1,MAJ
n2783,n4648,1,MAJ
n2786,n2843,1,MAJ
n2786,n3364,1,MAJ
n2786,n3457,1,MAJ
n2786,n3996,1,MAJ
n2786,n4233,1,MAJ
n2786,n4681,1,MAJ
n2787,n3102,1,MAJ
n2787,n3266,1,MAJ
n2787,n3293,1,MAJ
n2787,n3303,1,MAJ
n2787,n4201,1,MAJ
n2792,n2806,1,MAJ
n2792,n2962,1,MAJ
n2792,n3278,1,MAJ
n2792,n3432,1,MAJ
n2792,n3475,1,MAJ
n2792,n3499,1,MAJ
n2792,n3559,1,MAJ
n2792,n3713,1,MAJ
n2794,n2913,1,MAJ
n2794,n2971,1,MAJ
n2794,n3180,1,MAJ
n2794,n3393,1,MAJ
n2794,n3421,1,MAJ
n2794,n3516,1,MAJ
n2794,n3647,1,MAJ
n2794,n3904,1,MAJ
n2794,n3953,1,MAJ
n2794,n4640,1,MAJ
n2797,n2826,1,MAJ
n2797,n2829,1,MAJ
n2797,n2846,1,MAJ
n2797,n2891,1,MAJ
n2797,n2913,1,MAJ
n2797,n2971,1,MAJ
n2797,n3030,1,MAJ
n2797,n3129,1,MAJ
n2797,n3133,1,MAJ
n2797,n3205,1,MAJ
n2797,n3247,1,MAJ
n2797,n3249,1,MAJ
n2797,n3368,1,MAJ
n2797,n3379,1,MAJ
n2797,n3438,1,MAJ
n2797,n3516,1,MAJ
n2797,n3602,1,MAJ
n2797,n3716,1,MAJ
n2797,n3723,1,MAJ
n2797,n3735,1,MAJ
n2797,n3844,1,MAJ
n2797,n4021,1,MAJ
n2797,n4086,1,MAJ
n2797,n4146,1,MAJ
n2797,n4217,1,MAJ
n2797,n4239,1,MAJ
n2797,n4318,1,MAJ
n2797,n4475,1,MAJ
n2797,n4648,1,MAJ
n2803,n3291,1,MAJ
n2803,n3447,1,MAJ
n2803,n3450,1,MAJ
n2803,n3498,1,MAJ
n2803,n3669,1,MAJ
n2803,n3838,1,MAJ
n2806,n2962,1,MAJ
n2806,n3278,1,MAJ
n2806,n3432,1,MAJ
n2806,n3475,1,MAJ
n2806,n3499,1,MAJ
n2806,n3559,1,MAJ
n2806,n3713,1,MAJ
n2809,n2830,1,MAJ
n2809,n2834,1,MAJ
n2809,n3036,1,MAJ
n2809,n3070,1,MAJ
n2809,n3097,1,MAJ
n2809,n3259,1,MAJ
n2809,n3403,1,MAJ
n2809,n3472,1,MAJ
n2809,n3493,1,MAJ
n2809,n3695,1,MAJ
n2809,n3696,1,MAJ
n2809,n3701,1,MAJ
n2809,n3731,1,MAJ
n2809,n3741,1,MAJ
n2809,n3742,1,MAJ
n2809,n3807,1,MAJ
n2809,n3870,1,MAJ
n2809,n3961,1,MAJ
n2809,n4046,1,MAJ
n2809,n4159,1,MAJ
n2809,n4339,1,MAJ
n2809,n4397,1,MAJ
n2809,n4430,1,MAJ
n2809,n4549,1,MAJ
n2816,n2843,1,MAJ
n2816,n2846,1,UNIT
n2816,n2948,1,MAJ
n2816,n2962,1,UNIT
n2816,n2965,1,UNIT
n2816,n3102,1,UNIT
n2816,n3180,1,UNIT
n2816,n3349,1,MAJ
n2816,n3364,1,MAJ
n2816,n3393,1,UNIT
n2816,n3457,1,MAJ
n2816,n3559,1,UNIT
n2816,n3647,1,UNIT
n2816,n3930,1,MAJ
n2816,n3953,1,UNIT
n2816,n4046,1,UNIT
n2816,n4105,1,MAJ
n2816,n4431,1,UNIT
n2816,n4681,1,MAJ
n2826,n2829,1,MAJ
n2826,n2846,1,MAJ
n2826,n2891,1,MAJ
n2826,n2913,1,MAJ
n2826,n2971,1,MAJ
n2826,n3030,1,MAJ
n2826,n3129,1,MAJ
n2826,n3133,1,MAJ
n2826,n3205,1,MAJ
n2826,n3247,1,MAJ
n2826,n3249,1,MAJ
n2826,n3368,1,MAJ
n2826,n3379,1,MAJ
n2826,n3438,1,MAJ
n2826,n3516,1,MAJ
n2826,n3602,1,MAJ
n2826,n3716,1,MAJ
n2826,n3723,1,MAJ
n2826,n3735,1,MAJ
n2826,n3844,1,MAJ
n2826,n4021,1,MAJ
n2826,n4086,1,MAJ
n2826,n4146,1,MAJ
n2826,n4217,1,MAJ
n2826,n4239,1,MAJ
n2826,n4318,1,MAJ
n2826,n4475,1,MAJ
n2826,n4648,1,MAJ
n2829,n2846,1,MAJ
n2829,n2891,1,MAJ
n2829,n2913,1,MAJ
n2829,n2971,1,MAJ
n2829,n3030,1,MAJ
n2829,n3129,1,MAJ
n2829,n3133,1,MAJ
n2829,n3205,1,MAJ
n2829,n3247,1,MAJ
n2829,n3249,1,MAJ
n2829,n3368,1,MAJ
n2829,n3379,1,MAJ
n2829,n3438,1,MAJ
n2829,n3516,1,MAJ
n2829,n3602,1,MAJ
n2829,n3716,1,MAJ
n2829,n3723,1,MAJ
n2829,n3735,1,MAJ
n2829,n3844,1,MAJ
n2829,n4021,1,MAJ
n2829,n4086,1,MAJ
n2829,n4146,1,MAJ
n2829,n4217,1,MAJ
n2829,n4239,1,MAJ
n2829,n4318,1,MAJ
n2829,n4475,1,MAJ
n2829,n4648,1,MAJ
n2830,n2834,1,MAJ
n2830,n3036,1,MAJ
n2830,n3070,1,MAJ
n2830,n3097,1,MAJ
n2830,n3259,1,MAJ
n2830,n3403,1,MAJ
n2830,n3472,1,MAJ
n2830,n3493,1,MAJ
n2830,n3695,1,MAJ
n2830,n3696,1,MAJ
n2830,n3701,1,MAJ
n2830,n3731,1,MAJ
n2830,n3741,1,MAJ
n2830,n3742,1,MAJ
n2830,n3807,1,MAJ
n2830,n3870,1,MAJ
n2830,n3961,1,MAJ
n2830,n4046,1,MAJ
n2830,n4159,1,MAJ
n2830,n4339,1,MAJ
n2830,n4397,1,MAJ
n2830,n4430,1,MAJ
n2830,n4549,1,MAJ
n2834,n3036,1,MAJ
n2834,n3070,1,MAJ
n2834,n3097,1,MAJ
n2834,n3259,1,MAJ
n2834,n3403,1,MAJ
n2834,n3472,1,MAJ
n2834,n3493,1,MAJ
n2834,n3695,1,MAJ
n2834,n3696,1,MAJ
n2834,n3701,1,MAJ
n2834,n3731,1,MAJ
n2834,n3741,1,MAJ
n2834,n3742,1,MAJ
n2834,n3807,1,MAJ
n2834,n3870,1,MAJ
n2834,n3961,1,MAJ
n2834,n4046,1,MAJ
n2834,n4159,1,MAJ
n2834,n4339,1,MAJ
n2834,n4397,1,MAJ
n2834,n4430,1,MAJ
n2834,n4549,1,MAJ
n2842,n3182,1,MAJ
n2842,n3275,1,MAJ
n2842,n3555,1,MAJ
n2843,n2863,1,UNIT
n2843,n2948,1,MAJ
n2843,n3036,1,UNIT
n2843,n3057,1,UNIT
n2843,n3349,1,MAJ
n2843,n3364,1,MAJ
n2843,n3403,1,UNIT
n2843,n3438,1,UNIT
n2843,n3457,1,MAJ
n2843,n3723,1,UNIT
n2843,n3930,1,MAJ
n2843,n3996,1,MAJ
n2843,n4105,1,MAJ
n2843,n4233,1,MAJ
n2843,n4339,1,UNIT
n2843,n4681,1,MAJ
n2846,n2891,1,MAJ
n2846,n2913,1,MAJ
n2846,n2962,1,UNIT
n2846,n2965,1,UNIT
n2846,n2971,1,MAJ
n2846,n3030,1,MAJ
n2846,n3102,1,UNIT
n2846,n3129,1,MAJ
n2846,n3133,1,MAJ
n2846,n3180,1,UNIT
n2846,n3205,1,MAJ
n2846,n3247,1,MAJ
n2846,n3249,1,MAJ
n2846,n3368,1,MAJ
n2846,n3379,1,MAJ
n2846,n3393,1,UNIT
n2846,n3438,1,MAJ
n2846,n3516,1,MAJ
n2846,n3559,1,UNIT
n2846,n3602,1,MAJ
n2846,n3647,1,UNIT
n2846,n3716,1,MAJ
n2846,n3723,1,MAJ
n2846,n3735,1,MAJ
n2846,n3844,1,MAJ
n2846,n3953,1,UNIT
n2846,n4021,1,MAJ
n2846,n4046,1,UNIT
n2846,n4086,1,MAJ
n2846,n4146,1,MAJ
n2846,n4217,1,MAJ
n2846,n4239,1,MAJ
n2846,n4318,1,MAJ
n2846,n4431,1,UNIT
n2846,n4475,1,MAJ
n2846,n4648,1,MAJ
n2863,n2951,1,MAJ
n2863,n3036,1,UNIT
n2863,n3039,1,MAJ
n2863,n3057,1,UNIT
n2863,n3403,1,UNIT
n2863,n3421,1,MAJ
n2863,n3438,1,UNIT
n2863,n3477,1,MAJ
n2863,n3488,1,MAJ
n2863,n3571,1,MAJ
n2863,n3575,1,MAJ
n2863,n3723,1,UNIT
n2863,n4339,1,UNIT
n2863,n4588,1,MAJ
n2891,n2913,1,MAJ
n2891,n2927,1,UNIT
n2891,n2971,1,MAJ
n2891,n3030,1,MAJ
n2891,n3129,1,MAJ
n2891,n3133,1,MAJ
n2891,n3205,1,MAJ
n2891,n3247,1,MAJ
n2891,n3249,1,MAJ
n2891,n3368,1,MAJ
n2891,n3379,2,BOTH
n2891,n3438,1,MAJ
n2891,n3516,1,MAJ
n2891,n3602,1,MAJ
n2891,n3716,1,MAJ
n2891,n3723,1,MAJ
n2891,n3735,1,MAJ
n2891,n3844,1,MAJ
n2891,n3893,1,UNIT
n2891,n4021,1,MAJ
n2891,n4086,1,MAJ
n2891,n4095,1,UNIT
n2891,n4146,1,MAJ
n2891,n4159,1,UNIT
n2891,n4217,1,MAJ
n2891,n4239,1,MAJ
n2891,n4318,2,BOTH
n2891,n4475,1,MAJ
n2891,n4648,1,MAJ
n2899,n3468,1,MAJ
n2899,n3968,1,MAJ
n2899,n3971,1,MAJ
n2899,n3972,1,MAJ
n2899,n4140,1,MAJ
n2899,n4450,1,MAJ
n2913,n2971,1,MAJ
n2913,n3030,1,MAJ
n2913,n3129,1,MAJ
n2913,n3133,1,MAJ
n2913,n3180,1,MAJ
n2913,n3205,1,MAJ
n2913,n3247,1,MAJ
n2913,n3249,1,MAJ
n2913,n3368,1,MAJ
n2913,n3379,1,MAJ
n2913,n3393,1,MAJ
n2913,n3421,1,MAJ
n2913,n3438,1,MAJ
n2913,n3516,1,MAJ
n2913,n3602,1,MAJ
n2913,n3647,1,MAJ
n2913,n3716,1,MAJ
n2913,n3723,1,MAJ
n2913,n3735,1,MAJ
n2913,n3844,1,MAJ
n2913,n3904,1,MAJ
n2913,n3953,1,MAJ
n2913,n4021,1,MAJ
n2913,n4086,1,MAJ
n2913,n4146,1,MAJ
n2913,n4217,1,MAJ
n2913,n4239,1,MAJ
n2913,n4318,1,MAJ
n2913,n4475,1,MAJ
n2913,n4640,1,MAJ
n2913,n4648,1,MAJ
n2914,n3055,1,MAJ
n2914,n3221,1,MAJ
n2914,n3235,1,MAJ
n2914,n3737,1,MAJ
n2914,n3878,1,MAJ
n2914,n4439,1,MAJ
n2927,n2965,1,MAJ
n2927,n3379,1,UNIT
n2927,n3893,1,UNIT
n2927,n4095,1,UNIT
n2927,n4159,1,UNIT
n2927,n4318,1,UNIT
n2927,n4681,1,MAJ
n2948,n3349,1,MAJ
n2948,n3364,1,MAJ
n2948,n3457,1,MAJ
n2948,n3930,1,MAJ
n2948,n4105,1,MAJ
n2948,n4681,1,MAJ
n2951,n3039,1,MAJ
n2951,n3421,1,MAJ
n2951,n3477,1,MAJ
n2951,n3488,1,MAJ
n2951,n3571,1,MAJ
n2951,n3575,1,MAJ
n2951,n4588,1,MAJ
n2957,n3027,1,MAJ
n2957,n3327,1,MAJ
n2957,n3335,1,MAJ
n2957,n3501,1,MAJ
n2957,n3725,1,MAJ
n2957,n3732,1,MAJ
n2957,n3733,1,MAJ
n2957,n4419,1,MAJ
n2957,n4603,1,MAJ
n2962,n2965,1,UNIT
n2962,n3102,1,UNIT
n2962,n3180,1,UNIT
n2962,n3278,1,MAJ
n2962,n3393,1,UNIT
n2962,n3432,1,MAJ
n2962,n3475,1,MAJ
n2962,n3499,1,MAJ
n2962,n3559,2,BOTH
n2962,n3647,1,UNIT
n2962,n3713,1,MAJ
n2962,n3953,1,UNIT
n2962,n4046,1,UNIT
n2962,n4431,1,UNIT
n2965,n3102,1,UNIT
n2965,n3180,1,UNIT
n2965,n3393,1,UNIT
n2965,n3559,1,UNIT
n2965,n3647,1,UNIT
n2965,n3953,1,UNIT
n2965,n4046,1,UNIT
n2965,n4431,1,UNIT
n2965,n4681,1,MAJ
n2971,n3030,1,MAJ
n2971,n3129,1,MAJ
n2971,n3133,1,MAJ
n2971,n3180,1,MAJ
n2971,n3205,1,MAJ
n2971,n3247,1,MAJ
n2971,n3249,1,MAJ
n2971,n3368,1,MAJ
n2971,n3379,1,MAJ
n2971,n3393,1,MAJ
n2971,n3421,1,MAJ
n2971,n3438,1,MAJ
n2971,n3516,1,MAJ
n2971,n3602,1,MAJ
n2971,n3647,1,MAJ
n2971,n3716,1,MAJ
n2971,n3723,1,MAJ
n2971,n3735,1,MAJ
n2971,n3844,1,MAJ
n2971,n3904,1,MAJ
n2971,n3953,1,MAJ
n2971,n4021,1,MAJ
n2971,n4086,1,MAJ
n2971,n4146,1,MAJ
n2971,n4217,1,MAJ
n2971,n4239,1,MAJ
n2971,n4318,1,MAJ
n2971,n4475,1,MAJ
n2971,n4640,1,MAJ
n2971,n4648,1,MAJ
n3027,n3327,1,MAJ
n3027,n3335,1,MAJ
n3027,n3501,1,MAJ
n3027,n3725,1,MAJ
n3027,n3732,1,MAJ
n3027,n3733,1,MAJ
n3027,n4419,1,MAJ
n3027,n4603,1,MAJ
n3030,n3129,1,MAJ
n3030,n3133,1,MAJ
n3030,n3205,1,MAJ
n3030,n3247,1,MAJ
n3030,n3249,1,MAJ
n3030,n3368,1,MAJ
n3030,n3379,1,MAJ
n3030,n3438,1,MAJ
n3030,n3516,1,MAJ
n3030,n3602,1,MAJ
n3030,n3716,1,MAJ
n3030,n3723,1,MAJ
n3030,n3735,1,MAJ
n3030,n3844,1,MAJ
n3030,n4021,1,MAJ
n3030,n4086,1,MAJ
n3030,n4146,1,MAJ
n3030,n4217,1,MAJ
n3030,n4239,1,MAJ
n3030,n4318,1,MAJ
n3030,n4475,1,MAJ
n3030,n4648,1,MAJ
n3036,n3057,1,UNIT
n3036,n3070,1,MAJ
n3036,n3097,1,MAJ
n3036,n3259,1,MAJ
n3036,n3403,2,BOTH
n3036,n3438,1,UNIT
n3036,n3472,1,MAJ
n3036,n3493,1,MAJ
n3036,n3695,1,MAJ
n3036,n3696,1,MAJ
n3036,n3701,1,MAJ
n3036,n3723,1,UNIT
n3036,n3731,1,MAJ
n3036,n3741,1,MAJ
n3036,n3742,1,MAJ
n3036,n3807,1,MAJ
n3036,n3870,1,MAJ
n3036,n3961,1,MAJ
n3036,n4046,1,MAJ
n3036,n4159,1,MAJ
n3036,n4339,2,BOTH
n3036,n4397,1,MAJ
n3036,n4430,1,MAJ
n3036,n4549,1,MAJ
n3038,n3508,1,MAJ
n3039,n3421,1,MAJ
n3039,n3477,1,MAJ
n3039,n3488,1,MAJ
n3039,n3571,1,MAJ
n3039,n3575,1,MAJ
n3039,n4588,1,MAJ
n3052,n3863,1,MAJ
n3055,n3221,1,MAJ
n3055,n3235,1,MAJ
n3055,n3737,1,MAJ
n3055,n3878,1,MAJ
n3055,n4439,1,MAJ
n3057,n3403,1,UNIT
n3057,n3438,1,UNIT
n3057,n3723,1,UNIT
n3057,n4339,1,UNIT
n3070,n3097,1,MAJ
n3070,n3259,1,MAJ
n3070,n3403,1,MAJ
n3070,n3472,1,MAJ
n3070,n3493,1,MAJ
n3070,n3695,1,MAJ
n3070,n3696,1,MAJ
n3070,n3701,1,MAJ
n3070,n3731,1,MAJ
n3070,n3741,1,MAJ
n3070,n3742,1,MAJ
n3070,n3807,1,MAJ
n3070,n3870,1,MAJ
n3070,n3961,1,MAJ
n3070,n4046,1,MAJ
n3070,n4159,1,MAJ
n3070,n4339,1,MAJ
n3070,n4397,1,MAJ
n3070,n4430,1,MAJ
n3070,n4549,1,MAJ
n3097,n3259,1,MAJ
n3097,n3403,1,MAJ
n3097,n3472,1,MAJ
n3097,n3493,1,MAJ
n3097,n3695,1,MAJ
n3097,n3696,1,MAJ
n3097,n3701,1,MAJ
n3097,n3731,1,MAJ
n3097,n3741,1,MAJ
n3097,n3742,1,MAJ
n3097,n3807,1,MAJ
n3097,n3870,1,MAJ
n3097,n3961,1,MAJ
n3097,n4046,1,MAJ
n3097,n4159,1,MAJ
n3097,n4339,1,MAJ
n3097,n4397,1,MAJ
n3097,n4430,1,MAJ
n3097,n4549,1,MAJ
n3102,n3180,1,UNIT
n3102,n3266,1,MAJ
n3102,n3293,1,MAJ
n3102,n3303,1,MAJ
n3102,n3393,1,UNIT
n3102,n3559,1,UNIT
n3102,n3647,1,UNIT
n3102,n3953,1,UNIT
n3102,n4046,1,UNIT
n3102,n4201,1,MAJ
n3102,n4431,1,UNIT
n3129,n3133,1,MAJ
n3129,n3205,1,MAJ
n3129,n3247,1,MAJ
n3129,n3249,1,MAJ
n3129,n3368,1,MAJ
n3129,n3379,1,MAJ
n3129,n3438,1,MAJ
n3129,n3516,1,MAJ
n3129,n3602,1,MAJ
n3129,n3716,1,MAJ
n3129,n3723,1,MAJ
n3129,n3735,1,MAJ
n3129,n3844,1,MAJ
n3129,n4021,1,MAJ
n3129,n4086,1,MAJ
n3129,n4146,1,MAJ
n3129,n4217,1,MAJ
n3129,n4239,1,MAJ
n3129,n4318,1,MAJ
n3129,n4475,1,MAJ
n3129,n4648,1,MAJ
n3133,n3205,1,MAJ
n3133,n3247,1,MAJ
n3133,n3249,1,MAJ
n3133,n3368,1,MAJ
n3133,n3379,1,MAJ
n3133,n3438,1,MAJ
n3133,n3516,1,MAJ
n3133,n3602,1,MAJ
n3133,n3716,1,MAJ
n3133,n3723,1,MAJ
n3133,n3735,1,MAJ
n3133,n3844,1,MAJ
n3133,n4021,1,MAJ
n3133,n4086,1,MAJ
n3133,n4146,1,MAJ
n3133,n4217,1,MAJ
n3133,n4239,1,MAJ
n3133,n4318,1,MAJ
n3133,n4475,1,MAJ
n3133,n4648,1,MAJ
n3161,n3650,1,MAJ
n3161,n3825,1,MAJ
n3161,n4425,1,MAJ
n3180,n3393,2,BOTH
n3180,n3421,1,MAJ
n3180,n3516,1,MAJ
n3180,n3559,1,UNIT
n3180,n3647,2,BOTH
n3180,n3904,1,MAJ
n3180,n3953,2,BOTH
n3180,n4046,1,UNIT
n3180,n4431,1,UNIT
n3180,n4640,1,MAJ
n3182,n3275,1,MAJ
n3182,n3555,1,MAJ
n3195,n3477,1,MAJ
n3195,n3691,1,MAJ
n3195,n4005,1,MAJ
n3205,n3247,1,MAJ
n3205,n3249,1,MAJ
n3205,n3368,1,MAJ
n3205,n3379,1,MAJ
n3205,n3438,1,MAJ
n3205,n3516,1,MAJ
n3205,n3602,1,MAJ
n3205,n3716,1,MAJ
n3205,n3723,1,MAJ
n3205,n3735,1,MAJ
n3205,n3844,1,MAJ
n3205,n4021,1,MAJ
n3205,n4086,1,MAJ
n3205,n4146,1,MAJ
n3205,n4217,1,MAJ
n3205,n4239,1,MAJ
n3205,n4318,1,MAJ
n3205,n4475,1,MAJ
n3205,n4648,1,MAJ
n3221,n3235,1,MAJ
n3221,n3737,1,MAJ
n3221,n3878,1,MAJ
n3221,n4439,1,MAJ
n3235,n3737,1,MAJ
n3235,n3878,1,MAJ
n3235,n4439,1,MAJ
n3243,n3321,1,MAJ
n3243,n3579,1,MAJ
n3247,n3249,1,MAJ
n3247,n3368,1,MAJ
n3247,n3379,1,MAJ
n3247,n3438,1,MAJ
n3247,n3478,1,MAJ
n3247,n3516,1,MAJ
n3247,n3575,1,MAJ
n3247,n3602,1,MAJ
n3247,n3716,1,MAJ
n3247,n3723,1,MAJ
n3247,n3735,1,MAJ
n3247,n3844,1,MAJ
n3247,n4021,1,MAJ
n3247,n4086,1,MAJ
n3247,n4146,1,MAJ
n3247,n4217,1,MAJ
n3247,n4239,1,MAJ
n3247,n4318,1,MAJ
n3247,n4475,1,MAJ
n3247,n4648,1,MAJ
n3249,n3368,1,MAJ
n3249,n3379,1,MAJ
n3249,n3438,1,MAJ
n3249,n3496,1,UNIT
n3249,n3516,1,MAJ
n3249,n3602,1,MAJ
n3249,n3716,1,MAJ
n3249,n3723,1,MAJ
n3249,n3735,1,MAJ
n3249,n3844,1,MAJ
n3249,n4021,1,MAJ
n3249,n4086,1,MAJ
n3249,n4146,1,MAJ
n3249,n4217,1,MAJ
n3249,n4239,1,MAJ
n3249,n4318,1,MAJ
n3249,n4475,1,MAJ
n3249,n4648,1,MAJ
n3259,n3403,1,MAJ
n3259,n3472,1,MAJ
n3259,n3493,1,MAJ
n3259,n3695,1,MAJ
n3259,n3696,1,MAJ
n3259,n3701,1,MAJ
n3259,n3731,1,MAJ
n3259,n3741,1,MAJ
n3259,n3742,1,MAJ
n3259,n3807,1,MAJ
n3259,n3870,1,MAJ
n3259,n3961,1,MAJ
n3259,n4046,1,MAJ
n3259,n4159,1,MAJ
n3259,n4339,1,MAJ
n3259,n4397,1,MAJ
n3259,n4430,1,MAJ
n3259,n4549,1,MAJ
n3266,n3293,1,MAJ
n3266,n3303,1,MAJ
n3266,n4201,1,MAJ
n3271,n4571,1,MAJ
n3275,n3555,1,MAJ
n3278,n3432,1,MAJ
n3278,n3475,1,MAJ
n3278,n3499,1,MAJ
n3278,n3559,1,MAJ
n3278,n3713,1,MAJ
n3278,n3807,1,UNIT
n3281,n3325,1,MAJ
n3281,n3358,1,MAJ
n3281,n3713,1,UNIT
n3291,n3447,1,MAJ
n3291,n3450,1,MAJ
n3291,n3498,1,MAJ
n3291,n3669,1,MAJ
n3291,n3838,1,MAJ
n3293,n3303,1,MAJ
n3293,n4201,1,MAJ
n3296,n3383,1,MAJ
n3296,n3467,1,MAJ
n3296,n3496,1,MAJ
n3296,n3711,1,MAJ
n3296,n3893,1,MAJ
n3296,n4174,1,MAJ
n3303,n4201,1,MAJ
n3321,n3579,1,MAJ
n3325,n3358,1,MAJ
n3327,n3335,1,MAJ
n3327,n3501,1,MAJ
n3327,n3725,1,MAJ
n3327,n3732,1,MAJ
n3327,n3733,1,MAJ
n3327,n4419,1,MAJ
n3327,n4603,1,MAJ
n3335,n3501,1,MAJ
n3335,n3725,1,MAJ
n3335,n3732,1,MAJ
n3335,n3733,1,MAJ
n3335,n4419,1,MAJ
n3335,n4603,1,MAJ
n3349,n3364,1,MAJ
n3349,n3457,1,MAJ
n3349,n3930,1,MAJ
n3349,n4105,1,MAJ
n3349,n4681,1,MAJ
n3364,n3457,1,MAJ
n3364,n3930,1,MAJ
n3364,n3996,1,MAJ
n3364,n4105,1,MAJ
n3364,n4233,1,MAJ
n3364,n4681,1,MAJ
n3368,n3379,1,MAJ
n3368,n3438,1,MAJ
n3368,n3516,1,MAJ
n3368,n3602,1,MAJ
n3368,n3716,1,MAJ
n3368,n3723,1,MAJ
n3368,n3735,1,MAJ
n3368,n3844,1,MAJ
n3368,n4021,1,MAJ
n3368,n4086,1,MAJ
n3368,n4146,1,MAJ
n3368,n4217,1,MAJ
n3368,n4239,1,MAJ
n3368,n4318,1,MAJ
n3368,n4475,1,MAJ
n3368,n4648,1,MAJ
n3379,n3438,1,MAJ
n3379,n3516,1,MAJ
n3379,n3602,1,MAJ
n3379,n3716,1,MAJ
n3379,n3723,1,MAJ
n3379,n3735,1,MAJ
n3379,n3844,1,MAJ
n3379,n3893,1,UNIT
n3379,n4021,1,MAJ
n3379,n4086,1,MAJ
n3379,n4095,1,UNIT
n3379,n4146,1,MAJ
n3379,n4159,1,UNIT
n3379,n4217,1,MAJ
n3379,n4239,1,MAJ
n3379,n4318,2,BOTH
n3379,n4475,1,MAJ
n3379,n4648,1,MAJ
n3383,n3467,1,MAJ
n3383,n3496,1,MAJ
n3383,n3711,1,MAJ
n3383,n3893,1,MAJ
n3383,n4174,1,MAJ
n3393,n3421,1,MAJ
n3393,n3516,1,MAJ
n3393,n3559,1,UNIT
n3393,n3647,2,BOTH
n3393,n3904,1,MAJ
n3393,n3953,2,BOTH
n3393,n4046,1,UNIT
n3393,n4431,1,UNIT
n3393,n4640,1,MAJ
n3403,n3438,1,UNIT
n3403,n3472,1,MAJ
n3403,n3493,1,MAJ
n3403,n3695,1,MAJ
n3403,n3696,1,MAJ
n3403,n3701,1,MAJ
n3403,n3723,1,UNIT
n3403,n3731,1,MAJ
n3403,n3741,1,MAJ
n3403,n3742,1,MAJ
n3403,n3807,1,MAJ
n3403,n3870,1,MAJ
n3403,n3961,1,MAJ
n3403,n4046,1,MAJ
n3403,n4159,1,MAJ
n3403,n4339,2,BOTH
n3403,n4397,1,MAJ
n3403,n4430,1,MAJ
n3403,n4549,1,MAJ
n3421,n3477,1,MAJ
n3421,n3488,1,MAJ
n3421,n3516,1,MAJ
n3421,n3571,1,MAJ
n3421,n3575,1,MAJ
n3421,n3647,1,MAJ
n3421,n3904,1,MAJ
n3421,n3953,1,MAJ
n3421,n4588,1,MAJ
n3421,n4640,1,MAJ
n3432,n3475,1,MAJ
n3432,n3499,1,MAJ
n3432,n3559,1,MAJ
n3432,n3713,1,MAJ
n3438,n3516,1,MAJ
n3438,n3602,1,MAJ
n3438,n3716,1,MAJ
n3438,n3723,2,BOTH
n3438,n3735,1,MAJ
n3438,n3844,1,MAJ
n3438,n4021,1,MAJ
n3438,n4086,1,MAJ
n3438,n4146,1,MAJ
n3438,n4217,1,MAJ
n3438,n4239,1,MAJ
n3438,n4318,1,MAJ
n3438,n4339,1,UNIT
n3438,n4475,1,MAJ
n3438,n4648,1,MAJ
n3447,n3450,1,MAJ
n3447,n3498,1,MAJ
n3447,n3669,1,MAJ
n3447,n3838,1,MAJ
n3450,n3498,1,MAJ
n3450,n3669,1,MAJ
n3450,n3838,1,MAJ
n3457,n3930,1,MAJ
n3457,n3996,1,MAJ
n3457,n4105,1,MAJ
n3457,n4233,1,MAJ
n3457,n4681,1,MAJ
n3467,n3496,1,MAJ
n3467,n3711,1,MAJ
n3467,n3893,1,MAJ
n3467,n4174,1,MAJ
n3468,n3968,1,MAJ
n3468,n3971,1,MAJ
n3468,n3972,1,MAJ
n3468,n4140,1,MAJ
n3468,n4450,1,MAJ
n3472,n3493,1,MAJ
n3472,n3695,1,MAJ
n3472,n3696,1,MAJ
n3472,n3701,1,MAJ
n3472,n3731,1,MAJ
n3472,n3741,1,MAJ
n3472,n3742,1,MAJ
n3472,n3807,1,MAJ
n3472,n3870,1,MAJ
n3472,n3961,1,MAJ
n3472,n4046,1,MAJ
n3472,n4159,1,MAJ
n3472,n4339,1,MAJ
n3472,n4397,1,MAJ
n3472,n4430,1,MAJ
n3472,n4549,1,MAJ
n3475,n3499,1,MAJ
n3475,n3559,1,MAJ
n3475,n3713,1,MAJ
n3477,n3488,1,MAJ
n3477,n3571,1,MAJ
n3477,n3575,1,MAJ
n3477,n3691,1,MAJ
n3477,n4005,1,MAJ
n3477,n4588,1,MAJ
n3478,n3575,1,MAJ
n3478,n4086,1,MAJ
n3488,n3571,1,MAJ
n3488,n3575,1,MAJ
n3488,n4588,1,MAJ
n3493,n3695,1,MAJ
n3493,n3696,1,MAJ
n3493,n3701,1,MAJ
n3493,n3731,1,MAJ
n3493,n3741,1,MAJ
n3493,n3742,1,MAJ
n3493,n3807,1,MAJ
n3493,n3870,1,MAJ
n3493,n3961,1,MAJ
n3493,n4046,1,MAJ
n3493,n4159,1,MAJ
n3493,n4339,1,MAJ
n3493,n4397,1,MAJ
n3493,n4430,1,MAJ
n3493,n4549,1,MAJ
n3496,n3711,1,MAJ
n3496,n3893,1,MAJ
n3496,n4174,1,MAJ
n3498,n3669,1,MAJ
n3498,n3838,1,MAJ
n3499,n3559,1,MAJ
n3499,n3713,1,MAJ
n3501,n3725,1,MAJ
n3501,n3732,1,MAJ
n3501,n3733,1,MAJ
n3501,n4419,1,MAJ
n3501,n4603,1,MAJ
n3516,n3602,1,MAJ
n3516,n3647,1,MAJ
n3516,n3716,1,MAJ
n3516,n3723,1,MAJ
n3516,n3735,1,MAJ
n3516,n3844,1,MAJ
n3516,n3904,1,MAJ
n3516,n3953,1,MAJ
n3516,n4021,1,MAJ
n3516,n4086,1,MAJ
n3516,n4146,1,MAJ
n3516,n4217,1,MAJ
n3516,n4239,1,MAJ
n3516,n4318,1,MAJ
n3516,n4475,1,MAJ
n3516,n4640,1,MAJ
n3516,n4648,1,MAJ
n3559,n3647,1,UNIT
n3559,n3713,1,MAJ
n3559,n3953,1,UNIT
n3559,n4046,1,UNIT
n3559,n4431,1,UNIT
n3571,n3575,1,MAJ
n3571,n4588,1,MAJ
n3575,n4086,1,MAJ
n3575,n4588,1,MAJ
n3583,n3742,1,MAJ
n3583,n3767,1,MAJ
n3583,n3870,1,MAJ
n3602,n3716,1,MAJ
n3602,n3723,1,MAJ
n3602,n3735,1,MAJ
n3602,n3844,1,MAJ
n3602,n4021,1,MAJ
n3602,n4086,1,MAJ
n3602,n4146,1,MAJ
n3602,n4217,1,MAJ
n3602,n4239,1,MAJ
n3602,n4318,1,MAJ
n3602,n4475,1,MAJ
n3602,n4648,1,MAJ
n3627,n3657,1,MAJ
n3627,n4291,1,MAJ
n3647,n3904,1,MAJ
n3647,n3953,2,BOTH
n3647,n4046,1,UNIT
n3647,n4431,1,UNIT
n3647,n4640,1,MAJ
n3650,n3825,1,MAJ
n3650,n4425,1,MAJ
n3657,n4291,1,MAJ
n3669,n3838,1,MAJ
n3691,n4005,1,MAJ
n3695,n3696,1,MAJ
n3695,n3701,1,MAJ
n3695,n3731,1,MAJ
n3695,n3741,1,MAJ
n3695,n3742,1,MAJ
n3695,n3807,1,MAJ
n3695,n3870,1,MAJ
n3695,n3961,1,MAJ
n3695,n4046,1,MAJ
n3695,n4159,1,MAJ
n3695,n4339,1,MAJ
n3695,n4397,1,MAJ
n3695,n4430,1,MAJ
n3695,n4549,1,MAJ
n3696,n3701,1,MAJ
n3696,n3731,1,MAJ
n3696,n3741,1,MAJ
n3696,n3742,1,MAJ
n3696,n3807,1,MAJ
n3696,n3870,1,MAJ
n3696,n3961,1,MAJ
n3696,n4046,1,MAJ
n3696,n4159,1,MAJ
n3696,n4339,1,MAJ
n3696,n4397,1,MAJ
n3696,n4430,1,MAJ
n3696,n4549,1,MAJ
n3701,n3731,1,MAJ
n3701,n3741,1,MAJ
n3701,n3742,1,MAJ
n3701,n3807,1,MAJ
n3701,n3870,1,MAJ
n3701,n3961,1,MAJ
n3701,n4046,1,MAJ
n3701,n4159,1,MAJ
n3701,n4339,1,MAJ
n3701,n4397,1,MAJ
n3701,n4430,1,MAJ
n3701,n4549,1,MAJ
n3711,n3893,1,MAJ
n3711,n4174,1,MAJ
n3716,n3723,1,MAJ
n3716,n3735,1,MAJ
n3716,n3844,1,MAJ
n3716,n4021,1,MAJ
n3716,n4086,1,MAJ
n3716,n4146,1,MAJ
n3716,n4217,1,MAJ
n3716,n4239,1,MAJ
n3716,n4318,1,MAJ
n3716,n4475,1,MAJ
n3716,n4648,1,MAJ
n3723,n3735,1,MAJ
n3723,n3844,1,MAJ
n3723,n4021,1,MAJ
n3723,n4086,1,MAJ
n3723,n4146,1,MAJ
n3723,n4217,1,MAJ
n3723,n4239,1,MAJ
n3723,n4318,1,MAJ
n3723,n4339,1,UNIT
n3723,n4475,1,MAJ
n3723,n4648,1,MAJ
n3725,n3732,1,MAJ
n3725,n3733,1,MAJ
n3725,n4419,1,MAJ
n3725,n4603,1,MAJ
n3731,n3741,1,MAJ
n3731,n3742,1,MAJ
n3731,n3807,1,MAJ
n3731,n3870,1,MAJ
n3731,n3961,1,MAJ
n3731,n4046,1,MAJ
n3731,n4159,1,MAJ
n3731,n4339,1,MAJ
n3731,n4397,1,MAJ
n3731,n4430,1,MAJ
n3731,n4549,1,MAJ
n3732,n3733,1,MAJ
n3732,n4419,1,MAJ
n3732,n4603,1,MAJ
n3733,n4095,1,UNIT
n3733,n4419,1,MAJ
n3733,n4603,1,MAJ
n3735,n3844,1,MAJ
n3735,n4021,1,MAJ
n3735,n4086,1,MAJ
n3735,n4146,1,MAJ
n3735,n4217,1,MAJ
n3735,n4239,1,MAJ
n3735,n4318,1,MAJ
n3735,n4475,1,MAJ
n3735,n4648,1,MAJ
n3737,n3878,1,MAJ
n3737,n4439,1,MAJ
n3741,n3742,1,MAJ
n3741,n3807,1,MAJ
n3741,n3870,1,MAJ
n3741,n3961,1,MAJ
n3741,n4046,1,MAJ
n3741,n4159,1,MAJ
n3741,n4339,1,MAJ
n3741,n4397,1,MAJ
n3741,n4430,1,MAJ
n3741,n4549,1,MAJ
n3742,n3767,1,MAJ
n3742,n3807,1,MAJ
n3742,n3870,1,MAJ
n3742,n3961,1,MAJ
n3742,n4046,1,MAJ
n3742,n4159,1,MAJ
n3742,n4339,1,MAJ
n3742,n4397,1,MAJ
n3742,n4430,1,MAJ
n3742,n4549,1,MAJ
n3767,n3870,1,MAJ
n3807,n3870,1,MAJ
n3807,n3961,1,MAJ
n3807,n4046,1,MAJ
n3807,n4159,1,MAJ
n3807,n4339,1,MAJ
n3807,n4397,1,MAJ
n3807,n4430,1,MAJ
n3807,n4549,1,MAJ
n3825,n4425,1,MAJ
n3844,n4021,1,MAJ
n3844,n4086,1,MAJ
n3844,n4146,1,MAJ
n3844,n4217,1,MAJ
n3844,n4239,1,MAJ
n3844,n4318,1,MAJ
n3844,n4475,1,MAJ
n3844,n4648,1,MAJ
n3847,n4207,1,MAJ
n3847,n4242,1,MAJ
n3870,n3961,1,MAJ
n3870,n4046,1,MAJ
n3870,n4159,1,MAJ
n3870,n4339,1,MAJ
n3870,n4397,1,MAJ
n3870,n4430,1,MAJ
n3870,n4549,1,MAJ
n3878,n4439,1,MAJ
n3893,n4095,1,UNIT
n3893,n4159,1,UNIT
n3893,n4174,1,MAJ
n3893,n4318,1,UNIT
n3904,n3953,1,MAJ
n3904,n4640,1,MAJ
n3923,n4334,1,MAJ
n3930,n4105,1,MAJ
n3930,n4681,1,MAJ
n3953,n4046,1,UNIT
n3953,n4431,1,UNIT
n3953,n4640,1,MAJ
n3961,n4046,1,MAJ
n3961,n4159,1,MAJ
n3961,n4339,1,MAJ
n3961,n4397,1,MAJ
n3961,n4430,1,MAJ
n3961,n4549,1,MAJ
n3968,n3971,1,MAJ
n3968,n3972,1,MAJ
n3968,n4140,1,MAJ
n3968,n4450,1,MAJ
n3971,n3972,1,MAJ
n3971,n4140,1,MAJ
n3971,n4450,1,MAJ
n3972,n4140,1,MAJ
n3972,n4450,1,MAJ
n3996,n4233,1,MAJ
n3996,n4681,1,MAJ
n4021,n4086,1,MAJ
n4021,n4146,1,MAJ
n4021,n4217,1,MAJ
n4021,n4239,1,MAJ
n4021,n4318,1,MAJ
n4021,n4475,1,MAJ
n4021,n4648,1,MAJ
n4046,n4159,1,MAJ
n4046,n4339,1,MAJ
n4046,n4397,1,MAJ
n4046,n4430,1,MAJ
n4046,n4431,1,UNIT
n4046,n4549,1,MAJ
n4086,n4146,1,MAJ
n4086,n4217,1,MAJ
n4086,n4239,1,MAJ
n4086,n4318,1,MAJ
n4086,n4475,1,MAJ
n4086,n4648,1,MAJ
n4095,n4159,1,UNIT
n4095,n4318,1,UNIT
n4105,n4681,1,MAJ
n4140,n4450,1,MAJ
n4146,n4217,1,MAJ
n4146,n4239,1,MAJ
n4146,n4318,1,MAJ
n4146,n4475,1,MAJ
n4146,n4648,1,MAJ
n4159,n4318,1,UNIT
n4159,n4339,1,MAJ
n4159,n4397,1,MAJ
n4159,n4430,1,MAJ
n4159,n4549,1,MAJ
n4207,n4242,1,MAJ
n4217,n4239,1,MAJ
n4217,n4318,1,MAJ
n4217,n4475,1,MAJ
n4217,n4648,1,MAJ
n4233,n4681,1,MAJ
n4239,n4318,1,MAJ
n4239,n4475,1,MAJ
n4239,n4648,1,MAJ
n4318,n4475,1,MAJ
n4318,n4648,1,MAJ
n4339,n4397,1,MAJ
n4339,n4430,1,MAJ
n4339,n4549,1,MAJ
n4397,n4430,1,MAJ
n4397,n4549,1,MAJ
n4419,n4603,1,MAJ
n4430,n4549,1,MAJ
n4475,n4648,1,MAJ
